crate	version	scope	declared_license	review_route	archive_sha256	archive_url	notice_files
adler2	2.0.1	transitive	0BSD OR MIT OR Apache-2.0	MIT	320119579fcad9c21884f5c4861d16174d0e06250625266f50fe6898340abefa	https://crates.io/api/v1/crates/adler2/2.0.1/download	LICENSE-0BSD; LICENSE-APACHE; LICENSE-MIT
aes	0.9.3	transitive	MIT OR Apache-2.0	MIT	35f0f96ce78e38c3dc6d8948aa8163d06385be74000f3c7a95bf1eef35d3ea32	https://crates.io/api/v1/crates/aes/0.9.3/download	LICENSE-APACHE; LICENSE-MIT
aho-corasick	1.1.4	transitive	Unlicense OR MIT	MIT	ddd31a130427c27518df266943a5308ed92d4b226cc639f5a8f1002816174301	https://crates.io/api/v1/crates/aho-corasick/1.1.4/download	COPYING; LICENSE-MIT; UNLICENSE
alloc-no-stdlib	2.0.4	transitive	BSD-3-Clause	BSD-3-Clause	cc7bb162ec39d46ab1ca8c77bf72e890535becd1751bb45f64c597edb4c8c6b3	https://crates.io/api/v1/crates/alloc-no-stdlib/2.0.4/download	LICENSE
alloc-stdlib	0.2.4	transitive	BSD-3-Clause	BSD-3-Clause	0e76a019e91224d279006ff972f1e984179a6e9feb050adba6ce8274aef23195	https://crates.io/api/v1/crates/alloc-stdlib/0.2.4/download	LICENSE
allocator-api2	0.2.21	transitive	MIT OR Apache-2.0	MIT	683d7910e743518b0e34f1186f92494becacb047c7b6bf616c96772180fef923	https://crates.io/api/v1/crates/allocator-api2/0.2.21/download	LICENSE-APACHE; LICENSE-MIT
android_system_properties	0.1.5	transitive	MIT/Apache-2.0	MIT	819e7219dbd41043ac279b19830f2efc897156490d7fd6ea916720117ee66311	https://crates.io/api/v1/crates/android_system_properties/0.1.5/download	LICENSE-APACHE; LICENSE-MIT
anstream	1.0.0	transitive	MIT OR Apache-2.0	MIT	824a212faf96e9acacdbd09febd34438f8f711fb84e09a8916013cd7815ca28d	https://crates.io/api/v1/crates/anstream/1.0.0/download	LICENSE-APACHE; LICENSE-MIT
anstyle	1.0.14	transitive	MIT OR Apache-2.0	MIT	940b3a0ca603d1eade50a4846a2afffd5ef57a9feac2c0e2ec2e14f9ead76000	https://crates.io/api/v1/crates/anstyle/1.0.14/download	LICENSE-APACHE; LICENSE-MIT
anstyle-parse	1.0.0	transitive	MIT OR Apache-2.0	MIT	52ce7f38b242319f7cabaa6813055467063ecdc9d355bbb4ce0c68908cd8130e	https://crates.io/api/v1/crates/anstyle-parse/1.0.0/download	LICENSE-APACHE; LICENSE-MIT
anstyle-query	1.1.5	transitive	MIT OR Apache-2.0	MIT	40c48f72fd53cd289104fc64099abca73db4166ad86ea0b4341abe65af83dadc	https://crates.io/api/v1/crates/anstyle-query/1.1.5/download	LICENSE-APACHE; LICENSE-MIT
anstyle-wincon	3.0.11	transitive	MIT OR Apache-2.0	MIT	291e6a250ff86cd4a820112fb8898808a366d8f9f58ce16d1f538353ad55747d	https://crates.io/api/v1/crates/anstyle-wincon/3.0.11/download	LICENSE-APACHE; LICENSE-MIT
anyhow	1.0.104	transitive	MIT OR Apache-2.0	MIT	330a5ed07fa54e4702c9d6c4174f74427fc0ef6e214bbd677ae50a5099946470	https://crates.io/api/v1/crates/anyhow/1.0.104/download	LICENSE-APACHE; LICENSE-MIT
arbitrary	1.4.2	transitive	MIT OR Apache-2.0	MIT	c3d036a3c4ab069c7b410a2ce876bd74808d2d0888a82667669f8e783a898bf1	https://crates.io/api/v1/crates/arbitrary/1.4.2/download	LICENSE-APACHE; LICENSE-MIT
argon2	0.5.3	normal	MIT OR Apache-2.0	MIT	3c3610892ee6e0cbce8ae2700349fcf8f98adb0dbfbee85aec3c9179d29cc072	https://crates.io/api/v1/crates/argon2/0.5.3/download	LICENSE-APACHE; LICENSE-MIT
array-init	2.1.0	transitive	MIT OR Apache-2.0	MIT	3d62b7694a562cdf5a74227903507c56ab2cc8bdd1f781ed5cb4cf9c9f810bfc	https://crates.io/api/v1/crates/array-init/2.1.0/download	LICENSE-APACHE; LICENSE-MIT
async-recursion	1.1.1	transitive	MIT OR Apache-2.0	MIT	3b43422f69d8ff38f95f1b2bb76517c91589a924d1559a0e935d7c8ce0274c11	https://crates.io/api/v1/crates/async-recursion/1.1.1/download	LICENSE-APACHE; LICENSE-MIT
async-trait	0.1.92	transitive	MIT OR Apache-2.0	MIT	82f6aeea286b8eb4dd3431a1be1b59d290ace00f5bfd8e2a159bc2a05e2c1667	https://crates.io/api/v1/crates/async-trait/0.1.92/download	LICENSE-APACHE; LICENSE-MIT
atoi	2.0.0	transitive	MIT	MIT	f28d99ec8bfea296261ca1af174f24225171fea9664ba9003cbebee704810528	https://crates.io/api/v1/crates/atoi/2.0.0/download	LICENSE
atomic-waker	1.1.2	transitive	Apache-2.0 OR MIT	MIT	1505bd5d3d116872e7271a6d4e16d81d0c8570876c8de68093a09ac269d8aac0	https://crates.io/api/v1/crates/atomic-waker/1.1.2/download	LICENSE-APACHE; LICENSE-MIT; LICENSE-THIRD-PARTY
autocfg	1.5.1	transitive	Apache-2.0 OR MIT	MIT	f2032f911046de80f0a198e0901378627c33f59ea0ac00e363d481118bd70a53	https://crates.io/api/v1/crates/autocfg/1.5.1/download	LICENSE-APACHE; LICENSE-MIT
aws-lc-rs	1.18.1	transitive	ISC AND (Apache-2.0 OR ISC)	ISC AND Apache-2.0	b281d307588d634de920874890732659e2e7672f72b5e10e81badc1a8a83621e	https://crates.io/api/v1/crates/aws-lc-rs/1.18.1/download	LICENSE
aws-lc-sys	0.45.0	transitive	ISC AND (Apache-2.0 OR ISC) AND Apache-2.0 AND MIT AND BSD-3-Clause AND (Apache-2.0 OR ISC OR MIT) AND (Apache-2.0 OR ISC OR MIT-0)	ISC AND Apache-2.0 AND MIT AND BSD-3-Clause	9bff6c3b54fad79a2e60b8102caf565819711497c1f5f092f49508e2f5c31b27	https://crates.io/api/v1/crates/aws-lc-sys/0.45.0/download	LICENSE; aws-lc/LICENSE; aws-lc/third_party/fiat/LICENSE
axum	0.8.9	normal	MIT	MIT	31b698c5f9a010f6573133b09e0de5408834d0c82f8d7475a89fc1867a71cd90	https://crates.io/api/v1/crates/axum/0.8.9/download	LICENSE
axum-core	0.5.6	transitive	MIT	MIT	08c78f31d7b1291f7ee735c1c6780ccde7785daae9a9206026862dab7d8792d1	https://crates.io/api/v1/crates/axum-core/0.5.6/download	LICENSE
base64	0.22.1	normal	MIT OR Apache-2.0	MIT	72b3254f16251a8381aa12e40e3c4d2f0199f8c6508fbecb9d91f575e0fbb8c6	https://crates.io/api/v1/crates/base64/0.22.1/download	LICENSE-APACHE; LICENSE-MIT
base64	0.23.1	transitive	MIT OR Apache-2.0	MIT	ac07cdecf99051d9a5238b80f35af32cdeba5b336e55d957b318b50137e18da5	https://crates.io/api/v1/crates/base64/0.23.1/download	LICENSE-APACHE; LICENSE-MIT
base64ct	1.8.3	transitive	Apache-2.0 OR MIT	MIT	2af50177e190e07a26ab74f8b1efbfe2ef87da2116221318cb1c2e82baf7de06	https://crates.io/api/v1/crates/base64ct/1.8.3/download	LICENSE-APACHE; LICENSE-MIT
bindgen	0.72.1	transitive	BSD-3-Clause	BSD-3-Clause	993776b509cfb49c750f11b8f07a46fa23e0a1386ffc01fb1e7d343efc387895	https://crates.io/api/v1/crates/bindgen/0.72.1/download	LICENSE
binrw	0.15.2	transitive	MIT	MIT	6ad120d555272286c1017d25165ab8bd74806f13fc85b258484ec7e4ce75458f	https://crates.io/api/v1/crates/binrw/0.15.2/download	LICENSE
binrw_derive	0.15.2	transitive	MIT	MIT	6df92e0e9baae4dc82c7bad7715ca40c0a5c71539057bf2ea04a5c29c980410b	https://crates.io/api/v1/crates/binrw_derive/0.15.2/download	LICENSE
bitflags	2.13.0	transitive	MIT OR Apache-2.0	MIT	b4388bee8683e3d04af747c73422af53102d2bd24d9eadb6cbc100baef4b43f8	https://crates.io/api/v1/crates/bitflags/2.13.0/download	LICENSE-APACHE; LICENSE-MIT
blake2	0.10.6	transitive	MIT OR Apache-2.0	MIT	46502ad458c9a52b69d4d4d32775c788b7a1b85e8bc9d482d92250fc0e3f8efe	https://crates.io/api/v1/crates/blake2/0.10.6/download	LICENSE-APACHE; LICENSE-MIT
block-buffer	0.10.4	transitive	MIT OR Apache-2.0	MIT	3078c7629b62d3f0439517fa394996acacc5cbc91c5a20d8c658e77abd503a71	https://crates.io/api/v1/crates/block-buffer/0.10.4/download	LICENSE-APACHE; LICENSE-MIT
block-buffer	0.12.1	transitive	MIT OR Apache-2.0	MIT	d2f6c7dbe95a6ed67ad9f18e57daf93a2f034c524b99fd2b76d18fdfeb6660aa	https://crates.io/api/v1/crates/block-buffer/0.12.1/download	LICENSE-APACHE; LICENSE-MIT
block-padding	0.4.2	transitive	MIT OR Apache-2.0	MIT	710f1dd022ef4e93f8a438b4ba958de7f64308434fa6a87104481645cc30068b	https://crates.io/api/v1/crates/block-padding/0.4.2/download	LICENSE-APACHE; LICENSE-MIT
brotli	8.0.4	transitive	BSD-3-Clause AND MIT	BSD-3-Clause AND MIT	5cc91aac060a7a1e25823bdccbfb6af1875b88f17c6daac97894eed8207166b3	https://crates.io/api/v1/crates/brotli/8.0.4/download	LICENSE.BSD-3-Clause; LICENSE.MIT
brotli-decompressor	5.0.3	transitive	BSD-3-Clause/MIT	BSD-3-Clause	3a32acac15fe1967bc3986b2a6347dffc965602354ea6f450ad07e8bfd253583	https://crates.io/api/v1/crates/brotli-decompressor/5.0.3/download	LICENSE
built	0.7.7	transitive	MIT	MIT	56ed6191a7e78c36abdb16ab65341eefd73d64d303fffccdbb00d51e4205967b	https://crates.io/api/v1/crates/built/0.7.7/download	LICENSE
bumpalo	3.20.3	transitive	MIT OR Apache-2.0	MIT	72f5acc6cb2ba439de613abc23857ec3d78374d8ed5ac84e9d11336e87da8649	https://crates.io/api/v1/crates/bumpalo/3.20.3/download	LICENSE-APACHE; LICENSE-MIT
bytemuck	1.25.2	transitive	Zlib OR Apache-2.0 OR MIT	MIT	95832e849adfb21180ccb6826a99da14e5d266ae5c2e668e1602cf234f153797	https://crates.io/api/v1/crates/bytemuck/1.25.2/download	LICENSE-APACHE; LICENSE-MIT; LICENSE-ZLIB
byteorder	1.5.0	transitive	Unlicense OR MIT	MIT	1fd0f2584146f6f2ef48085050886acf353beff7305ebd1ae69500e27c67f64b	https://crates.io/api/v1/crates/byteorder/1.5.0/download	COPYING; LICENSE-MIT; UNLICENSE
byteorder-lite	0.1.0	transitive	Unlicense OR MIT	MIT	8f1fe948ff07f4bd06c30984e69f5b4899c516a3ef74f34df92a2df2ab535495	https://crates.io/api/v1/crates/byteorder-lite/0.1.0/download	LICENSE-MIT; UNLICENSE
bytes	1.12.0	transitive	MIT	MIT	8ae3f5d315924270530207e2a68396c3cc547f6dca3fbdca317cfb1a51edb593	https://crates.io/api/v1/crates/bytes/1.12.0/download	LICENSE
bzip2	0.6.1	transitive	MIT OR Apache-2.0	MIT	f3a53fac24f34a81bc9954b5d6cfce0c21e18ec6959f44f56e8e90e4bb7c346c	https://crates.io/api/v1/crates/bzip2/0.6.1/download	LICENSE-APACHE; LICENSE-MIT
cbc	0.2.1	transitive	MIT OR Apache-2.0	MIT	ce2dc9ee5f88d11e0beb842c88b33c8a5cf0d1329c4b19494af42b07dbfe8896	https://crates.io/api/v1/crates/cbc/0.2.1/download	LICENSE-APACHE; LICENSE-MIT
cc	1.2.66	transitive	MIT OR Apache-2.0	MIT	f5d6cac793997bd970000024b2934968efe83b382de4fdcf4fcb46b6ee4ad996	https://crates.io/api/v1/crates/cc/1.2.66/download	LICENSE-APACHE; LICENSE-MIT
cexpr	0.6.0	transitive	Apache-2.0/MIT	MIT	6fac387a98bb7c37292057cffc56d62ecb629900026402633ae9160df93a8766	https://crates.io/api/v1/crates/cexpr/0.6.0/download	LICENSE-APACHE; LICENSE-MIT
cfg-if	1.0.4	transitive	MIT OR Apache-2.0	MIT	9330f8b2ff13f34540b44e946ef35111825727b38d33286ef986142615121801	https://crates.io/api/v1/crates/cfg-if/1.0.4/download	LICENSE-APACHE; LICENSE-MIT
cfg_aliases	0.2.1	transitive	MIT	MIT	613afe47fcd5fac7ccf1db93babcb082c5994d996f20b8b159f2ad1658eb5724	https://crates.io/api/v1/crates/cfg_aliases/0.2.1/download	LICENSE; NOTICES.md
chacha20	0.10.1	transitive	MIT OR Apache-2.0	MIT	d524456ba66e72eb8b115ff89e01e497f8e6d11d78b70b1aa13c0fbd97540a81	https://crates.io/api/v1/crates/chacha20/0.10.1/download	LICENSE-APACHE; LICENSE-MIT
chrono	0.4.45	normal	MIT OR Apache-2.0	MIT	1aa79e62e7697b8e29b513a68abacf485adcd1fe8284a4316c5ae868e6633327	https://crates.io/api/v1/crates/chrono/0.4.45/download	LICENSE.txt
cipher	0.5.2	transitive	MIT OR Apache-2.0	MIT	e8cf2a2c93cd704877c0858356ed03480ff301ee950b43f1cbe4573b088bfa6c	https://crates.io/api/v1/crates/cipher/0.5.2/download	LICENSE-APACHE; LICENSE-MIT
clang-sys	1.9.1	transitive	Apache-2.0	Apache-2.0	157a8ba7b480713b56f4c09fd13fc3e0a22a5dfab8097ba61cbc5feef950788a	https://crates.io/api/v1/crates/clang-sys/1.9.1/download	LICENSE.txt
clap	4.6.1	normal	MIT OR Apache-2.0	MIT	1ddb117e43bbf7dacf0a4190fef4d345b9bad68dfc649cb349e7d17d28428e51	https://crates.io/api/v1/crates/clap/4.6.1/download	LICENSE-APACHE; LICENSE-MIT
clap_builder	4.6.0	transitive	MIT OR Apache-2.0	MIT	714a53001bf66416adb0e2ef5ac857140e7dc3a0c48fb28b2f10762fc4b5069f	https://crates.io/api/v1/crates/clap_builder/4.6.0/download	LICENSE-APACHE; LICENSE-MIT
clap_derive	4.6.1	transitive	MIT OR Apache-2.0	MIT	f2ce8604710f6733aa641a2b3731eaa1e8b3d9973d5e3565da11800813f997a9	https://crates.io/api/v1/crates/clap_derive/4.6.1/download	LICENSE-APACHE; LICENSE-MIT
clap_lex	1.1.0	transitive	MIT OR Apache-2.0	MIT	c8d4a3bb8b1e0c1050499d1815f5ab16d04f0959b233085fb31653fbfc9d98f9	https://crates.io/api/v1/crates/clap_lex/1.1.0/download	LICENSE-APACHE; LICENSE-MIT
claxon	0.4.3	transitive	Apache-2.0	Apache-2.0	4bfbf56724aa9eca8afa4fcfadeb479e722935bb2a0900c2d37e0cc477af0688	https://crates.io/api/v1/crates/claxon/0.4.3/download	license
cmake	0.1.58	transitive	MIT OR Apache-2.0	MIT	c0f78a02292a74a88ac736019ab962ece0bc380e3f977bf72e376c5d78ff0678	https://crates.io/api/v1/crates/cmake/0.1.58/download	LICENSE-APACHE; LICENSE-MIT
colorchoice	1.0.5	transitive	MIT OR Apache-2.0	MIT	1d07550c9036bf2ae0c684c4297d503f838287c83c53686d05370d0e139ae570	https://crates.io/api/v1/crates/colorchoice/1.0.5/download	LICENSE-APACHE; LICENSE-MIT
combine	4.6.8	transitive	MIT	MIT	cfc320937d09e6de266b31b9afb480f197d7a861be86be7cb2ea7e5d1bfffc5e	https://crates.io/api/v1/crates/combine/4.6.8/download	LICENSE
const-oid	0.10.2	transitive	Apache-2.0 OR MIT	MIT	a6ef517f0926dd24a1582492c791b6a4818a4d94e789a334894aa15b0d12f55c	https://crates.io/api/v1/crates/const-oid/0.10.2/download	LICENSE-APACHE; LICENSE-MIT
const-oid	0.9.6	transitive	Apache-2.0 OR MIT	MIT	c2459377285ad874054d797f3ccebf984978aa39129f6eafde5cdc8315b612f8	https://crates.io/api/v1/crates/const-oid/0.9.6/download	LICENSE-APACHE; LICENSE-MIT
core-foundation	0.10.1	transitive	MIT OR Apache-2.0	MIT	b2a6cd9ae233e7f62ba4e9353e81a88df7fc8a5987b8d445b4d90c879bd156f6	https://crates.io/api/v1/crates/core-foundation/0.10.1/download	LICENSE-APACHE; LICENSE-MIT
core-foundation	0.9.4	transitive	MIT OR Apache-2.0	MIT	91e195e091a93c46f7102ec7818a2aa394e1e1771c3ab4825963fa03e45afb8f	https://crates.io/api/v1/crates/core-foundation/0.9.4/download	LICENSE-APACHE; LICENSE-MIT
core-foundation-sys	0.8.7	transitive	MIT OR Apache-2.0	MIT	773648b94d0e5d620f64f280777445740e61fe701025087ec8b57f45c791888b	https://crates.io/api/v1/crates/core-foundation-sys/0.8.7/download	LICENSE-APACHE; LICENSE-MIT
cpubits	0.1.1	transitive	MIT OR Apache-2.0	MIT	15b85f9c39137c3a891689859392b1bd49812121d0d61c9caf00d46ed5ce06ae	https://crates.io/api/v1/crates/cpubits/0.1.1/download	LICENSE-APACHE; LICENSE-MIT
cpufeatures	0.2.17	transitive	MIT OR Apache-2.0	MIT	59ed5838eebb26a2bb2e58f6d5b5316989ae9d08bab10e0e6d103e656d1b0280	https://crates.io/api/v1/crates/cpufeatures/0.2.17/download	LICENSE-APACHE; LICENSE-MIT
cpufeatures	0.3.0	transitive	MIT OR Apache-2.0	MIT	8b2a41393f66f16b0823bb79094d54ac5fbd34ab292ddafb9a0456ac9f87d201	https://crates.io/api/v1/crates/cpufeatures/0.3.0/download	LICENSE-APACHE; LICENSE-MIT
crc	3.4.0	transitive	MIT OR Apache-2.0	MIT	5eb8a2a1cd12ab0d987a5d5e825195d372001a4094a0376319d5a0ad71c1ba0d	https://crates.io/api/v1/crates/crc/3.4.0/download	LICENSE-APACHE; LICENSE-MIT
crc-catalog	2.5.0	transitive	MIT OR Apache-2.0	MIT	217698eaf96b4a3f0bc4f3662aaa55bdf913cd54d7204591faa790070c6d0853	https://crates.io/api/v1/crates/crc-catalog/2.5.0/download	MIT.txt
crc32fast	1.5.0	normal	MIT OR Apache-2.0	MIT	9481c1c90cbf2ac953f07c8d4a58aa3945c425b7185c9154d67a65e4230da511	https://crates.io/api/v1/crates/crc32fast/1.5.0/download	LICENSE-APACHE; LICENSE-MIT
crossbeam-channel	0.5.17	transitive	MIT OR Apache-2.0	MIT	98b0cc327b5bc766e7fda9c9260cc0fa81b43a8e240440422dff70788e3f9ef1	https://crates.io/api/v1/crates/crossbeam-channel/0.5.17/download	LICENSE-APACHE; LICENSE-MIT; LICENSE-THIRD-PARTY
crossbeam-queue	0.3.13	transitive	MIT OR Apache-2.0	MIT	803d13fb3b09d88be9f4dbc29062c66b19bf7170867ceb746d2a8689bf6c7a26	https://crates.io/api/v1/crates/crossbeam-queue/0.3.13/download	LICENSE-APACHE; LICENSE-MIT
crossbeam-utils	0.8.22	transitive	MIT OR Apache-2.0	MIT	61803da095bee82a81bb1a452ecc25d3b2f1416d1897eb86430c6159ef717c17	https://crates.io/api/v1/crates/crossbeam-utils/0.8.22/download	LICENSE-APACHE; LICENSE-MIT
crypto-common	0.1.7	transitive	MIT OR Apache-2.0	MIT	78c8292055d1c1df0cce5d180393dc8cce0abec0a7102adb6c7b1eef6016d60a	https://crates.io/api/v1/crates/crypto-common/0.1.7/download	LICENSE-APACHE; LICENSE-MIT
crypto-common	0.2.2	transitive	MIT OR Apache-2.0	MIT	ce6e4c961d6cd6c9a86db418387425e8bdeaf05b3c8bc1411e6dca4c252f1453	https://crates.io/api/v1/crates/crypto-common/0.2.2/download	LICENSE-APACHE; LICENSE-MIT
ctr	0.10.1	transitive	MIT OR Apache-2.0	MIT	baaca1c4b237092596f64d571e9db6ce4109c4ef9742e27590f1709594461f21	https://crates.io/api/v1/crates/ctr/0.10.1/download	LICENSE-APACHE; LICENSE-MIT
deflate64	0.1.12	transitive	MIT	MIT	ac6b926516df9c60bfa16e107b21086399f8285a44ca9711344b9e553c5146e2	https://crates.io/api/v1/crates/deflate64/0.1.12/download	LICENSE
der	0.7.10	transitive	Apache-2.0 OR MIT	MIT	e7c1832837b905bbfb5101e07cc24c8deddf52f93225eee6ead5f4d63d53ddcb	https://crates.io/api/v1/crates/der/0.7.10/download	LICENSE-APACHE; LICENSE-MIT
derive_arbitrary	1.4.2	transitive	MIT OR Apache-2.0	MIT	1e567bd82dcff979e4b03460c307b3cdc9e96fde3d73bed1496d2bc75d9dd62a	https://crates.io/api/v1/crates/derive_arbitrary/1.4.2/download	LICENSE-APACHE; LICENSE-MIT
digest	0.10.7	transitive	MIT OR Apache-2.0	MIT	9ed9a281f7bc9b7576e61468ba615a66a5c8cfdff42420a70aa82701a3b1e292	https://crates.io/api/v1/crates/digest/0.10.7/download	LICENSE-APACHE; LICENSE-MIT
digest	0.11.3	transitive	MIT OR Apache-2.0	MIT	f1dd6dbb5841937940781866fa1281a1ff7bd3bf827091440879f9994983d5c2	https://crates.io/api/v1/crates/digest/0.11.3/download	LICENSE-APACHE; LICENSE-MIT
dirs	6.0.0	transitive	MIT OR Apache-2.0	MIT	c3e8aa94d75141228480295a7d0e7feb620b1a5ad9f12bc40be62411e38cce4e	https://crates.io/api/v1/crates/dirs/6.0.0/download	LICENSE-APACHE; LICENSE-MIT
dirs-sys	0.5.0	transitive	MIT OR Apache-2.0	MIT	e01a3366d27ee9890022452ee61b2b63a67e6f13f58900b651ff5665f0bb1fab	https://crates.io/api/v1/crates/dirs-sys/0.5.0/download	LICENSE-APACHE; LICENSE-MIT
displaydoc	0.2.6	transitive	MIT OR Apache-2.0	MIT	1ac70aa55017e108007fbaf5aa0f54b021c98f92ff8af59d42eda9da96e3dd4f	https://crates.io/api/v1/crates/displaydoc/0.2.6/download	LICENSE-APACHE; LICENSE-MIT
dotenvy	0.15.7	transitive	MIT	MIT	1aaf95b3e5c8f23aa320147307562d361db0ae0d51242340f558153b4eb2439b	https://crates.io/api/v1/crates/dotenvy/0.15.7/download	LICENSE
dunce	1.0.5	transitive	CC0-1.0 OR MIT-0 OR Apache-2.0	MIT-0	92773504d58c093f6de2459af4af33faa518c13451eb8f2b5698ed3d36e7c813	https://crates.io/api/v1/crates/dunce/1.0.5/download	LICENSE
either	1.16.0	transitive	MIT OR Apache-2.0	MIT	91622ff5e7162018101f2fea40d6ebf4a78bbe5a49736a2020649edf9693679e	https://crates.io/api/v1/crates/either/1.16.0/download	LICENSE-APACHE; LICENSE-MIT
encoding_rs	0.8.35	transitive	(Apache-2.0 OR MIT) AND BSD-3-Clause	MIT AND BSD-3-Clause	75030f3c4f45dafd7586dd6780965a8c7e8e285a5ecb86713e63a79c5b2766f3	https://crates.io/api/v1/crates/encoding_rs/0.8.35/download	COPYRIGHT; LICENSE-APACHE; LICENSE-MIT; LICENSE-WHATWG
equivalent	1.0.2	transitive	Apache-2.0 OR MIT	MIT	877a4ace8713b0bcf2a4e7eec82529c029f1d0619886d18145fea96c3ffe5c0f	https://crates.io/api/v1/crates/equivalent/1.0.2/download	LICENSE-APACHE; LICENSE-MIT
errno	0.3.14	transitive	MIT OR Apache-2.0	MIT	39cab71617ae0d63f51a36d69f866391735b51691dbda63cf6f96d042b63efeb	https://crates.io/api/v1/crates/errno/0.3.14/download	LICENSE-APACHE; LICENSE-MIT
etcetera	0.8.0	transitive	MIT OR Apache-2.0	MIT	136d1b5283a1ab77bd9257427ffd09d8667ced0570b6f938942bc7568ed5b943	https://crates.io/api/v1/crates/etcetera/0.8.0/download	LICENSE-APACHE; LICENSE-MIT
event-listener	5.4.2	transitive	Apache-2.0 OR MIT	MIT	5a23add41df1562121a9393cb065eab5146a1242410f23a644851e90cfd669d2	https://crates.io/api/v1/crates/event-listener/5.4.2/download	LICENSE-APACHE; LICENSE-MIT
fastrand	2.4.1	transitive	Apache-2.0 OR MIT	MIT	9f1f227452a390804cdb637b74a86990f2a7d7ba4b7d5693aac9b4dd6defd8d6	https://crates.io/api/v1/crates/fastrand/2.4.1/download	LICENSE-APACHE; LICENSE-MIT
fdeflate	0.3.7	transitive	MIT OR Apache-2.0	MIT	1e6853b52649d4ac5c0bd02320cddc5ba956bdb407c4b75a2c6b75bf51500f8c	https://crates.io/api/v1/crates/fdeflate/0.3.7/download	LICENSE-APACHE; LICENSE-MIT
filetime	0.2.29	transitive	MIT/Apache-2.0	MIT	5c287a33c7f0a620c38e641e7f60827713987b3c0f26e8ddc9462cc69cf75759	https://crates.io/api/v1/crates/filetime/0.2.29/download	LICENSE-APACHE; LICENSE-MIT
find-msvc-tools	0.1.9	transitive	MIT OR Apache-2.0	MIT	5baebc0774151f905a1a2cc41989300b1e6fbb29aff0ceffa1064fdd3088d582	https://crates.io/api/v1/crates/find-msvc-tools/0.1.9/download	LICENSE-APACHE; LICENSE-MIT
flacenc	0.5.1	transitive	Apache-2.0	Apache-2.0	74c892c2b5fa08f967e8b5ad29121570b4762202f2402033ce08479ec65eccd0	https://crates.io/api/v1/crates/flacenc/0.5.1/download	LICENSE
flate2	1.1.9	transitive	MIT OR Apache-2.0	MIT	843fba2746e448b37e26a819579957415c8cef339bf08564fe8b7ddbd959573c	https://crates.io/api/v1/crates/flate2/1.1.9/download	LICENSE-APACHE; LICENSE-MIT
flume	0.11.1	transitive	Apache-2.0/MIT	MIT	da0e4dd2a88388a1f4ccc7c9ce104604dab68d9f408dc34cd45823d5a9069095	https://crates.io/api/v1/crates/flume/0.11.1/download	LICENSE-APACHE; LICENSE-MIT
flume	0.12.0	transitive	Apache-2.0/MIT	MIT	5e139bc46ca777eb5efaf62df0ab8cc5fd400866427e56c68b22e414e53bd3be	https://crates.io/api/v1/crates/flume/0.12.0/download	LICENSE-APACHE; LICENSE-MIT
fnv	1.0.7	transitive	Apache-2.0 / MIT	MIT	3f9eec918d3f24069decb9af1554cad7c880e2da24a9afd88aca000531ab82c1	https://crates.io/api/v1/crates/fnv/1.0.7/download	LICENSE-APACHE; LICENSE-MIT
foldhash	0.1.5	transitive	Zlib	Zlib	d9c4f5dac5e15c24eb999c26181a6ca40b39fe946cbe4c263c7209467bc83af2	https://crates.io/api/v1/crates/foldhash/0.1.5/download	LICENSE
form_urlencoded	1.2.2	transitive	MIT OR Apache-2.0	MIT	cb4cb245038516f5f85277875cdaa4f7d2c9a0fa0468de06ed190163b1581fcf	https://crates.io/api/v1/crates/form_urlencoded/1.2.2/download	LICENSE-APACHE; LICENSE-MIT
fs2	0.4.3	normal	MIT/Apache-2.0	MIT	9564fc758e15025b46aa6643b1b77d047d1a56a1aea6e01002ac0c7026876213	https://crates.io/api/v1/crates/fs2/0.4.3/download	LICENSE-APACHE; LICENSE-MIT
fs4	1.1.0	transitive	MIT OR Apache-2.0	MIT	7e72ed92b67c146290f88e9c89d60ca163ea417a446f61ffd7b72df3e7f1dfd5	https://crates.io/api/v1/crates/fs4/1.1.0/download	LICENSE-APACHE; LICENSE-MIT
fs_extra	1.3.0	transitive	MIT	MIT	42703706b716c37f96a77aea830392ad231f44c9e9a67872fa5548707e11b11c	https://crates.io/api/v1/crates/fs_extra/1.3.0/download	LICENSE
futures	0.3.32	transitive	MIT OR Apache-2.0	MIT	8b147ee9d1f6d097cef9ce628cd2ee62288d963e16fb287bd9286455b241382d	https://crates.io/api/v1/crates/futures/0.3.32/download	LICENSE-APACHE; LICENSE-MIT
futures-channel	0.3.32	transitive	MIT OR Apache-2.0	MIT	07bbe89c50d7a535e539b8c17bc0b49bdb77747034daa8087407d655f3f7cc1d	https://crates.io/api/v1/crates/futures-channel/0.3.32/download	LICENSE-APACHE; LICENSE-MIT
futures-core	0.3.32	transitive	MIT OR Apache-2.0	MIT	7e3450815272ef58cec6d564423f6e755e25379b217b0bc688e295ba24df6b1d	https://crates.io/api/v1/crates/futures-core/0.3.32/download	LICENSE-APACHE; LICENSE-MIT
futures-executor	0.3.32	transitive	MIT OR Apache-2.0	MIT	baf29c38818342a3b26b5b923639e7b1f4a61fc5e76102d4b1981c6dc7a7579d	https://crates.io/api/v1/crates/futures-executor/0.3.32/download	LICENSE-APACHE; LICENSE-MIT
futures-intrusive	0.5.0	transitive	MIT OR Apache-2.0	MIT	1d930c203dd0b6ff06e0201a4a2fe9149b43c684fd4420555b26d21b1a02956f	https://crates.io/api/v1/crates/futures-intrusive/0.5.0/download	LICENSE-APACHE; LICENSE-MIT
futures-io	0.3.32	transitive	MIT OR Apache-2.0	MIT	cecba35d7ad927e23624b22ad55235f2239cfa44fd10428eecbeba6d6a717718	https://crates.io/api/v1/crates/futures-io/0.3.32/download	LICENSE-APACHE; LICENSE-MIT
futures-macro	0.3.32	transitive	MIT OR Apache-2.0	MIT	e835b70203e41293343137df5c0664546da5745f82ec9b84d40be8336958447b	https://crates.io/api/v1/crates/futures-macro/0.3.32/download	LICENSE-APACHE; LICENSE-MIT
futures-sink	0.3.32	transitive	MIT OR Apache-2.0	MIT	c39754e157331b013978ec91992bde1ac089843443c49cbc7f46150b0fad0893	https://crates.io/api/v1/crates/futures-sink/0.3.32/download	LICENSE-APACHE; LICENSE-MIT
futures-task	0.3.32	transitive	MIT OR Apache-2.0	MIT	037711b3d59c33004d3856fbdc83b99d4ff37a24768fa1be9ce3538a1cde4393	https://crates.io/api/v1/crates/futures-task/0.3.32/download	LICENSE-APACHE; LICENSE-MIT
futures-util	0.3.32	transitive	MIT OR Apache-2.0	MIT	389ca41296e6190b48053de0321d02a77f32f8a5d2461dd38762c0593805c6d6	https://crates.io/api/v1/crates/futures-util/0.3.32/download	LICENSE-APACHE; LICENSE-MIT
generic-array	0.14.7	transitive	MIT	MIT	85649ca51fd72272d7821adaf274ad91c288277713d9c18820d8499a7ff69e9a	https://crates.io/api/v1/crates/generic-array/0.14.7/download	LICENSE
getrandom	0.2.17	transitive	MIT OR Apache-2.0	MIT	ff2abc00be7fca6ebc474524697ae276ad847ad0a6b3faa4bcb027e9a4614ad0	https://crates.io/api/v1/crates/getrandom/0.2.17/download	LICENSE-APACHE; LICENSE-MIT
getrandom	0.4.3	transitive	MIT OR Apache-2.0	MIT	300e883d756b2e4ec94e02791f39b04b522276138852cfc41d9fb7e904106099	https://crates.io/api/v1/crates/getrandom/0.4.3/download	LICENSE-APACHE; LICENSE-MIT
glob	0.3.4	transitive	MIT OR Apache-2.0	MIT	e4eba85ea1d0a966a983acd07deee566e67395d2d96b6fb39e62b5a833f1eb0b	https://crates.io/api/v1/crates/glob/0.3.4/download	LICENSE-APACHE; LICENSE-MIT
h2	0.4.19	transitive	MIT	MIT	ef8e5e5a340588f4452631496976cf8636d4a7ecf600239fdc27615d2530bc16	https://crates.io/api/v1/crates/h2/0.4.19/download	LICENSE
hash32	0.3.1	transitive	MIT OR Apache-2.0	MIT	47d60b12902ba28e2730cd37e95b8c9223af2808df9e902d4df49588d1470606	https://crates.io/api/v1/crates/hash32/0.3.1/download	LICENSE-APACHE; LICENSE-MIT
hashbrown	0.15.5	transitive	MIT OR Apache-2.0	MIT	9229cfe53dfd69f0609a49f65461bd93001ea1ef889cd5529dd176593f5338a1	https://crates.io/api/v1/crates/hashbrown/0.15.5/download	LICENSE-APACHE; LICENSE-MIT
hashbrown	0.17.1	transitive	MIT OR Apache-2.0	MIT	ed5909b6e89a2db4456e54cd5f673791d7eca6732202bbf2a9cc504fe2f9b84a	https://crates.io/api/v1/crates/hashbrown/0.17.1/download	LICENSE-APACHE; LICENSE-MIT
hashlink	0.10.0	transitive	MIT OR Apache-2.0	MIT	7382cf6263419f2d8df38c55d7da83da5c18aef87fc7a7fc1fb1e344edfe14c1	https://crates.io/api/v1/crates/hashlink/0.10.0/download	LICENSE-APACHE; LICENSE-MIT
heapless	0.8.0	transitive	MIT OR Apache-2.0	MIT	0bfb9eb618601c89945a70e254898da93b13be0388091d42117462b265bb3fad	https://crates.io/api/v1/crates/heapless/0.8.0/download	LICENSE-APACHE; LICENSE-MIT
heck	0.5.0	transitive	MIT OR Apache-2.0	MIT	2304e00983f87ffb38b55b444b5e3b60a884b5d30c0fca7d82fe33449bbe55ea	https://crates.io/api/v1/crates/heck/0.5.0/download	LICENSE-APACHE; LICENSE-MIT
hex	0.4.3	transitive	MIT OR Apache-2.0	MIT	7f24254aa9a54b5c858eaee2f5bccdb46aaf0e486a595ed5fd8f86ba55232a70	https://crates.io/api/v1/crates/hex/0.4.3/download	LICENSE-APACHE; LICENSE-MIT
hex-literal	1.1.0	transitive	MIT OR Apache-2.0	MIT	e712f64ec3850b98572bffac52e2c6f282b29fe6c5fa6d42334b30be438d95c1	https://crates.io/api/v1/crates/hex-literal/1.1.0/download	LICENSE-APACHE; LICENSE-MIT
hkdf	0.12.4	transitive	MIT OR Apache-2.0	MIT	7b5f8eb2ad728638ea2c7d47a21db23b7b58a72ed6a38256b8a1849f15fbbdf7	https://crates.io/api/v1/crates/hkdf/0.12.4/download	LICENSE-APACHE; LICENSE-MIT
hmac	0.12.1	transitive	MIT OR Apache-2.0	MIT	6c49c37c09c17a53d937dfbb742eb3a961d65a994e6bcdcf37e7399d0cc8ab5e	https://crates.io/api/v1/crates/hmac/0.12.1/download	LICENSE-APACHE; LICENSE-MIT
home	0.5.11	transitive	MIT OR Apache-2.0	MIT	589533453244b0995c858700322199b2becb13b627df2851f64a2775d024abcf	https://crates.io/api/v1/crates/home/0.5.11/download	LICENSE-APACHE; LICENSE-MIT
http	1.4.2	transitive	MIT OR Apache-2.0	MIT	6970f50e31d6fc17d3fa27329444bfa74e196cf62e95052a3f6fee181dba6425	https://crates.io/api/v1/crates/http/1.4.2/download	LICENSE-APACHE; LICENSE-MIT
http-body	1.0.1	transitive	MIT	MIT	1efedce1fb8e6913f23e0c92de8e62cd5b772a67e7b3946df930a62566c93184	https://crates.io/api/v1/crates/http-body/1.0.1/download	LICENSE
http-body-util	0.1.3	transitive	MIT	MIT	b021d93e26becf5dc7e1b75b1bed1fd93124b374ceb73f43d4d4eafec896a64a	https://crates.io/api/v1/crates/http-body-util/0.1.3/download	LICENSE
httparse	1.10.1	transitive	MIT OR Apache-2.0	MIT	6dbf3de79e51f3d586ab4cb9d5c3e2c14aa28ed23d180cf89b4df0454a69cc87	https://crates.io/api/v1/crates/httparse/1.10.1/download	LICENSE-APACHE; LICENSE-MIT
httpdate	1.0.3	transitive	MIT OR Apache-2.0	MIT	df3b46402a9d5adb4c86a0cf463f42e19994e3ee891101b1841f30a545cb49a9	https://crates.io/api/v1/crates/httpdate/1.0.3/download	LICENSE-APACHE; LICENSE-MIT
hybrid-array	0.4.15	transitive	MIT OR Apache-2.0	MIT	27f864f10dfb56725ce5ce5472bc52252c8f93a4ab86327122cebf62c5f59a17	https://crates.io/api/v1/crates/hybrid-array/0.4.15/download	LICENSE-APACHE; LICENSE-MIT
hyper	1.10.1	transitive	MIT	MIT	55281c53a1894c864990125767da440a4e630446785086f52523b20033b74498	https://crates.io/api/v1/crates/hyper/1.10.1/download	LICENSE
hyper-rustls	0.27.9	transitive	Apache-2.0 OR ISC OR MIT	MIT	33ca68d021ef39cf6463ab54c1d0f5daf03377b70561305bb89a8f83aab66e0f	https://crates.io/api/v1/crates/hyper-rustls/0.27.9/download	LICENSE-APACHE; LICENSE-ISC; LICENSE-MIT
hyper-util	0.1.20	transitive	MIT	MIT	96547c2556ec9d12fb1578c4eaf448b04993e7fb79cbaad930a656880a6bdfa0	https://crates.io/api/v1/crates/hyper-util/0.1.20/download	LICENSE
iana-time-zone	0.1.65	transitive	MIT OR Apache-2.0	MIT	e31bc9ad994ba00e440a8aa5c9ef0ec67d5cb5e5cb0cc7f8b744a35b389cc470	https://crates.io/api/v1/crates/iana-time-zone/0.1.65/download	LICENSE-APACHE; LICENSE-MIT
iana-time-zone-haiku	0.1.2	transitive	MIT OR Apache-2.0	MIT	f31827a206f56af32e590ba56d5d2d085f558508192593743f16b2306495269f	https://crates.io/api/v1/crates/iana-time-zone-haiku/0.1.2/download	LICENSE-APACHE; LICENSE-MIT
icu_collections	2.1.1	transitive	Unicode-3.0	Unicode-3.0	4c6b649701667bbe825c3b7e6388cb521c23d88644678e83c0c4d0a621a34b43	https://crates.io/api/v1/crates/icu_collections/2.1.1/download	LICENSE
icu_locale_core	2.1.1	transitive	Unicode-3.0	Unicode-3.0	edba7861004dd3714265b4db54a3c390e880ab658fec5f7db895fae2046b5bb6	https://crates.io/api/v1/crates/icu_locale_core/2.1.1/download	LICENSE
icu_normalizer	2.1.1	transitive	Unicode-3.0	Unicode-3.0	5f6c8828b67bf8908d82127b2054ea1b4427ff0230ee9141c54251934ab1b599	https://crates.io/api/v1/crates/icu_normalizer/2.1.1/download	LICENSE
icu_normalizer_data	2.1.1	transitive	Unicode-3.0	Unicode-3.0	7aedcccd01fc5fe81e6b489c15b247b8b0690feb23304303a9e560f37efc560a	https://crates.io/api/v1/crates/icu_normalizer_data/2.1.1/download	LICENSE
icu_properties	2.1.2	transitive	Unicode-3.0	Unicode-3.0	020bfc02fe870ec3a66d93e677ccca0562506e5872c650f893269e08615d74ec	https://crates.io/api/v1/crates/icu_properties/2.1.2/download	LICENSE
icu_properties_data	2.1.2	transitive	Unicode-3.0	Unicode-3.0	616c294cf8d725c6afcd8f55abc17c56464ef6211f9ed59cccffe534129c77af	https://crates.io/api/v1/crates/icu_properties_data/2.1.2/download	LICENSE
icu_provider	2.1.1	transitive	Unicode-3.0	Unicode-3.0	85962cf0ce02e1e0a629cc34e7ca3e373ce20dda4c4d7294bbd0bf1fdb59e614	https://crates.io/api/v1/crates/icu_provider/2.1.1/download	LICENSE
idna	1.1.0	transitive	MIT OR Apache-2.0	MIT	3b0875f23caa03898994f6ddc501886a45c7d3d62d04d2d90788d47be1b1e4de	https://crates.io/api/v1/crates/idna/1.1.0/download	LICENSE-APACHE; LICENSE-MIT
idna_adapter	1.2.1	transitive	Apache-2.0 OR MIT	MIT	3acae9609540aa318d1bc588455225fb2085b9ed0c4f6bd0d9d5bcd86f1a0344	https://crates.io/api/v1/crates/idna_adapter/1.2.1/download	LICENSE-APACHE; LICENSE-MIT
if-addrs	0.15.0	transitive	MIT OR BSD-3-Clause	MIT	c0a05c691e1fae256cf7013d99dad472dc52d5543322761f83ec8d47eab40d2b	https://crates.io/api/v1/crates/if-addrs/0.15.0/download	LICENSE-BSD; LICENSE-MIT
image	0.25.10	transitive	MIT OR Apache-2.0	MIT	85ab80394333c02fe689eaf900ab500fbd0c2213da414687ebf995a65d5a6104	https://crates.io/api/v1/crates/image/0.25.10/download	LICENSE-APACHE; LICENSE-MIT
indexmap	2.14.0	transitive	Apache-2.0 OR MIT	MIT	d466e9454f08e4a911e14806c24e16fba1b4c121d1ea474396f396069cf949d9	https://crates.io/api/v1/crates/indexmap/2.14.0/download	LICENSE-APACHE; LICENSE-MIT
inout	0.2.2	transitive	MIT OR Apache-2.0	MIT	4250ce6452e92010fdf7268ccc5d14faa80bb12fc741938534c58f16804e03c7	https://crates.io/api/v1/crates/inout/0.2.2/download	LICENSE-APACHE; LICENSE-MIT
ipnet	2.12.0	transitive	MIT OR Apache-2.0	MIT	d98f6fed1fde3f8c21bc40a1abb88dd75e67924f9cffc3ef95607bad8017f8e2	https://crates.io/api/v1/crates/ipnet/2.12.0/download	LICENSE-APACHE; LICENSE-MIT
is_terminal_polyfill	1.70.2	transitive	MIT OR Apache-2.0	MIT	a6cb138bb79a146c1bd460005623e142ef0181e3d0219cb493e02f7d08a35695	https://crates.io/api/v1/crates/is_terminal_polyfill/1.70.2/download	LICENSE-APACHE; LICENSE-MIT
itertools	0.13.0	transitive	MIT OR Apache-2.0	MIT	413ee7dfc52ee1a4949ceeb7dbc8a33f2d6c088194d9f922fb8318faf1f01186	https://crates.io/api/v1/crates/itertools/0.13.0/download	LICENSE-APACHE; LICENSE-MIT
itoa	1.0.18	transitive	MIT OR Apache-2.0	MIT	8f42a60cbdf9a97f5d2305f08a87dc4e09308d1276d28c869c684d7777685682	https://crates.io/api/v1/crates/itoa/1.0.18/download	LICENSE-APACHE; LICENSE-MIT
jni	0.22.4	transitive	MIT OR Apache-2.0	MIT	5efd9a482cf3a427f00d6b35f14332adc7902ce91efb778580e180ff90fa3498	https://crates.io/api/v1/crates/jni/0.22.4/download	No standalone notice file; inspect source headers before redistribution
jni-macros	0.22.4	transitive	MIT OR Apache-2.0	MIT	a00109accc170f0bdb141fed3e393c565b6f5e072365c3bd58f5b062591560a3	https://crates.io/api/v1/crates/jni-macros/0.22.4/download	No standalone notice file; inspect source headers before redistribution
jni-sys	0.4.1	transitive	MIT OR Apache-2.0	MIT	c6377a88cb3910bee9b0fa88d4f42e1d2da8e79915598f65fb0c7ee14c878af2	https://crates.io/api/v1/crates/jni-sys/0.4.1/download	LICENSE-APACHE; LICENSE-MIT
jni-sys-macros	0.4.1	transitive	MIT OR Apache-2.0	MIT	38c0b942f458fe50cdac086d2f946512305e5631e720728f2a61aabcd47a6264	https://crates.io/api/v1/crates/jni-sys-macros/0.4.1/download	No standalone notice file; inspect source headers before redistribution
jobserver	0.1.35	transitive	MIT OR Apache-2.0	MIT	1c00acbd29eabad4a2392fa0e921c874934dbbf4194312ad20f04a0ed67a3cb3	https://crates.io/api/v1/crates/jobserver/0.1.35/download	LICENSE-APACHE; LICENSE-MIT
js-sys	0.3.103	transitive	MIT OR Apache-2.0	MIT	53b44bfcdb3f8d5837a46dae1ca9660a837176eee74a28b229bc626816589102	https://crates.io/api/v1/crates/js-sys/0.3.103/download	LICENSE-APACHE; LICENSE-MIT
lazy_static	1.5.0	transitive	MIT OR Apache-2.0	MIT	bbd2bcb4c963f2ddae06a2efc7e9f3591312473c50c6685e1f298068316e66fe	https://crates.io/api/v1/crates/lazy_static/1.5.0/download	LICENSE-APACHE; LICENSE-MIT
libbz2-rs-sys	0.2.5	transitive	bzip2-1.0.6	bzip2-1.0.6	34b357333733e8260735ba5894eb928c02ecc69c78715f01a8019e7fa7f2db4c	https://crates.io/api/v1/crates/libbz2-rs-sys/0.2.5/download	LICENSE
libc	0.2.186	transitive	MIT OR Apache-2.0	MIT	68ab91017fe16c622486840e4c83c9a37afeff978bd239b5293d61ece587de66	https://crates.io/api/v1/crates/libc/0.2.186/download	LICENSE-APACHE; LICENSE-MIT
libloading	0.8.9	transitive	ISC	ISC	d7c4b02199fee7c5d21a5ae7d8cfa79a6ef5bb2fc834d6e9058e89c825efdc55	https://crates.io/api/v1/crates/libloading/0.8.9/download	LICENSE
libm	0.2.16	transitive	MIT	MIT	b6d2cec3eae94f9f509c767b45932f1ada8350c4bdb85af2fcab4a3c14807981	https://crates.io/api/v1/crates/libm/0.2.16/download	LICENSE.txt
libredox	0.1.18	transitive	MIT	MIT	c943259e342f1e06ff2da7a83eabdfe7f92ce10262688dbf1895ff0b3e6e4652	https://crates.io/api/v1/crates/libredox/0.1.18/download	LICENSE
libsqlite3-sys	0.30.1	transitive	MIT	MIT	2e99fb7a497b1e3339bc746195567ed8d3e24945ecd636e3619d20b9de9e9149	https://crates.io/api/v1/crates/libsqlite3-sys/0.30.1/download	LICENSE; sqlcipher/LICENSE
libz-sys	1.1.29	transitive	MIT OR Apache-2.0	MIT AND Zlib	85bc9657773828b90eeb625adff10eeac83cc21bbfd8e23a03eaa8a33c9e28d9	https://crates.io/api/v1/crates/libz-sys/1.1.29/download	LICENSE-APACHE; LICENSE-MIT; src/zlib-ng/LICENSE.md; src/zlib/LICENSE
linux-raw-sys	0.12.1	transitive	Apache-2.0 WITH LLVM-exception OR Apache-2.0 OR MIT	MIT	32a66949e030da00e8c7d4434b251670a91556f4144941d37452769c25d58a53	https://crates.io/api/v1/crates/linux-raw-sys/0.12.1/download	COPYRIGHT; LICENSE-APACHE; LICENSE-Apache-2.0_WITH_LLVM-exception; LICENSE-MIT
litemap	0.8.2	transitive	Unicode-3.0	Unicode-3.0	92daf443525c4cce67b150400bc2316076100ce0b3686209eb8cf3c31612e6f0	https://crates.io/api/v1/crates/litemap/0.8.2/download	LICENSE
lock_api	0.4.14	transitive	MIT OR Apache-2.0	MIT	224399e74b87b5f3557511d98dff8b14089b3dadafcab6bb93eab67d3aace965	https://crates.io/api/v1/crates/lock_api/0.4.14/download	LICENSE-APACHE; LICENSE-MIT
log	0.4.33	transitive	MIT OR Apache-2.0	MIT	0ceec5bc11778974d1bcb055b18002eba7f4b3518b6a0081b3af5f21666da9ad	https://crates.io/api/v1/crates/log/0.4.33/download	LICENSE-APACHE; LICENSE-MIT
lru-slab	0.1.2	transitive	MIT OR Apache-2.0 OR Zlib	MIT	112b39cec0b298b6c1999fee3e31427f74f676e4cb9879ed1a121b43661a4154	https://crates.io/api/v1/crates/lru-slab/0.1.2/download	LICENSE-APACHE; LICENSE-MIT; LICENSE-ZLIB
lz4	1.28.1	transitive	MIT	MIT	a20b523e860d03443e98350ceaac5e71c6ba89aea7d960769ec3ce37f4de5af4	https://crates.io/api/v1/crates/lz4/1.28.1/download	LICENSE
lz4-sys	1.11.1+lz4-1.10.0	transitive	MIT	MIT AND BSD-2-Clause	6bd8c0d6c6ed0cd30b3652886bb8711dc4bb01d637a68105a3d5158039b418e6	https://crates.io/api/v1/crates/lz4-sys/1.11.1+lz4-1.10.0/download	LICENSE; liblz4/LICENSE; liblz4/lib/LICENSE
lz4_flex	0.14.0	transitive	MIT	MIT	ecbdfe44b1bd960b68170b417450a628c43f7cf56bb3c5317e61cb230ee7f226	https://crates.io/api/v1/crates/lz4_flex/0.14.0/download	LICENSE
lzma-rust2	0.16.5	transitive	Apache-2.0	Apache-2.0	ca93e534d1142d1d0dcca6d25fe302508a5dfb40b302802904577725ea0b695b	https://crates.io/api/v1/crates/lzma-rust2/0.16.5/download	LICENSE
lzma-rust2	0.20.1	transitive	Apache-2.0	Apache-2.0	5e2a88783b84d2d67ef2791778a9e76bfb68b8017aaf6c9d7d5f2626a478b16c	https://crates.io/api/v1/crates/lzma-rust2/0.20.1/download	LICENSE
lzma-sdk-sys	0.1.2+25.01	transitive	NOASSERTION	MIT AND LicenseRef-LZMA-SDK-public-domain AND BSD-3-Clause AND BSD-2-Clause	8987c682b5ec272c76797989fbc1dfbd6fd8979409128129cf7f2c98ee420870	https://crates.io/api/v1/crates/lzma-sdk-sys/0.1.2+25.01/download	7z/COPYING; 7z/DOC/License.txt; 7z/DOC/copying.txt; LICENSE
lzxd	0.2.7	transitive	MIT OR Apache-2.0	MIT	c17f346186eccb574ba5581acefc514f0c70a642db4f96e245034a0a158a7168	https://crates.io/api/v1/crates/lzxd/0.2.7/download	LICENSE-APACHE; LICENSE-MIT
matchers	0.2.0	transitive	MIT	MIT	d1525a2a28c7f4fa0fc98bb91ae755d1e2d1505079e05539e35bc876b5d65ae9	https://crates.io/api/v1/crates/matchers/0.2.0/download	LICENSE
matchit	0.8.4	transitive	MIT AND BSD-3-Clause	MIT AND BSD-3-Clause	47e1ffaa40ddd1f3ed91f717a33c8c0ee23fff369e3aa8772b9605cc1d22f4c3	https://crates.io/api/v1/crates/matchit/0.8.4/download	LICENSE; LICENSE.httprouter
md-5	0.10.6	normal	MIT OR Apache-2.0	MIT	d89e7ee0cfbedfc4da3340218492196241d89eefb6dab27de5df917a6d2e78cf	https://crates.io/api/v1/crates/md-5/0.10.6/download	LICENSE-APACHE; LICENSE-MIT
md5	0.8.1	transitive	Apache-2.0 OR MIT	MIT	7ebb8d8732c6a6df3d8f032a82911cfc747e00efb95cc46e8d0acd5b5b88570c	https://crates.io/api/v1/crates/md5/0.8.1/download	LICENSE.md
mdns-sd	0.20.2	normal	Apache-2.0 OR MIT	MIT	f18d8ec9d1869796fb2910d95f4d957072df0b6a22e247a1d760d8b4c805e17a	https://crates.io/api/v1/crates/mdns-sd/0.20.2/download	LICENSE-APACHE; LICENSE-MIT
memchr	2.8.2	transitive	Unlicense OR MIT	MIT	88904434abc2901f197fe8cc55f0445e7ded921dba5911dad2e2b39b48e663c4	https://crates.io/api/v1/crates/memchr/2.8.2/download	COPYING; LICENSE-MIT; UNLICENSE
mime	0.3.17	transitive	MIT OR Apache-2.0	MIT	6877bb514081ee2a7ff5ef9de3281f14a4dd4bceac4c09388074a6b5df8a139a	https://crates.io/api/v1/crates/mime/0.3.17/download	LICENSE-APACHE; LICENSE-MIT
minimal-lexical	0.2.1	transitive	MIT/Apache-2.0	MIT	68354c5c6bd36d73ff3feceb05efa59b6acb7626617f4962be322a825e61f79a	https://crates.io/api/v1/crates/minimal-lexical/0.2.1/download	LICENSE-APACHE; LICENSE-MIT; LICENSE.md
miniz_oxide	0.8.9	transitive	MIT OR Zlib OR Apache-2.0	MIT	1fa76a2c86f704bdb222d66965fb3d63269ce38518b83cb0575fca855ebb6316	https://crates.io/api/v1/crates/miniz_oxide/0.8.9/download	LICENSE; LICENSE-APACHE.md; LICENSE-MIT.md; LICENSE-ZLIB.md
mio	1.2.1	transitive	MIT	MIT	02bd0af71c67b473010cbbc60715ee815645a4dc942899111f494b4b737d6fda	https://crates.io/api/v1/crates/mio/1.2.1/download	LICENSE
moxcms	0.8.1	transitive	BSD-3-Clause OR Apache-2.0	BSD-3-Clause	bb85c154ba489f01b25c0d36ae69a87e4a1c73a72631fc6c0eb6dde34a73e44b	https://crates.io/api/v1/crates/moxcms/0.8.1/download	LICENSE-APACHE.md; LICENSE.md
multer	3.1.0	transitive	MIT	MIT	83e87776546dc87511aa5ee218730c92b666d7264ab6ed41f9d215af9cd5224b	https://crates.io/api/v1/crates/multer/3.1.0/download	LICENSE
nix	0.30.1	normal	MIT	MIT	74523f3a35e05aba87a1d978330aef40f67b0304ac79c1c00b294c9830543db6	https://crates.io/api/v1/crates/nix/0.30.1/download	LICENSE
nom	7.1.3	transitive	MIT	MIT	d273983c5a657a70a3e8f2a01329822f3b8c8172b73826411a55751e404a0a4a	https://crates.io/api/v1/crates/nom/7.1.3/download	LICENSE
nu-ansi-term	0.50.3	transitive	MIT	MIT	7957b9740744892f114936ab4a57b3f487491bbeafaf8083688b16841a4240e5	https://crates.io/api/v1/crates/nu-ansi-term/0.50.3/download	LICENSE
num-bigint-dig	0.8.6	transitive	MIT/Apache-2.0	MIT	e661dda6640fad38e827a6d4a310ff4763082116fe217f279885c97f511bb0b7	https://crates.io/api/v1/crates/num-bigint-dig/0.8.6/download	LICENSE-APACHE; LICENSE-MIT
num-integer	0.1.46	transitive	MIT OR Apache-2.0	MIT	7969661fd2958a5cb096e56c8e1ad0444ac2bbcd0061bd28660485a44879858f	https://crates.io/api/v1/crates/num-integer/0.1.46/download	LICENSE-APACHE; LICENSE-MIT
num-iter	0.1.45	transitive	MIT OR Apache-2.0	MIT	1429034a0490724d0075ebb2bc9e875d6503c3cf69e235a8941aa757d83ef5bf	https://crates.io/api/v1/crates/num-iter/0.1.45/download	LICENSE-APACHE; LICENSE-MIT
num-traits	0.2.19	transitive	MIT OR Apache-2.0	MIT	071dfc062690e90b734c0b2273ce72ad0ffa95f0c74596bc250dcfd960262841	https://crates.io/api/v1/crates/num-traits/0.2.19/download	LICENSE-APACHE; LICENSE-MIT
once_cell	1.21.4	transitive	MIT OR Apache-2.0	MIT	9f7c3e4beb33f85d45ae3e3a1792185706c8e16d043238c593331cc7cd313b50	https://crates.io/api/v1/crates/once_cell/1.21.4/download	LICENSE-APACHE; LICENSE-MIT
once_cell_polyfill	1.70.2	transitive	MIT OR Apache-2.0	MIT	384b8ab6d37215f3c5301a95a4accb5d64aa607f1fcb26a11b5303878451b4fe	https://crates.io/api/v1/crates/once_cell_polyfill/1.70.2/download	LICENSE-APACHE; LICENSE-MIT
openssl-probe	0.2.1	transitive	MIT OR Apache-2.0	MIT	7c87def4c32ab89d880effc9e097653c8da5d6ef28e6b539d313baaacfbafcbe	https://crates.io/api/v1/crates/openssl-probe/0.2.1/download	LICENSE-APACHE; LICENSE-MIT
option-ext	0.2.0	transitive	MPL-2.0	MPL-2.0	04744f49eae99ab78e0d5c0b603ab218f515ea8cfe5a456d7629ad883a3b6e7d	https://crates.io/api/v1/crates/option-ext/0.2.0/download	LICENSE.txt
owo-colors	4.4.0	transitive	MIT	MIT	13c45bb4a6ae1280ec0803b1ef9d3455eb50f01efbbe1447ab020f1d54fba9d8	https://crates.io/api/v1/crates/owo-colors/4.4.0/download	LICENSE
parking	2.2.1	transitive	Apache-2.0 OR MIT	MIT	f38d5652c16fde515bb1ecef450ab0f6a219d619a7274976324d5e377f7dceba	https://crates.io/api/v1/crates/parking/2.2.1/download	LICENSE-APACHE; LICENSE-MIT; LICENSE-THIRD-PARTY
parking_lot	0.12.5	transitive	MIT OR Apache-2.0	MIT	93857453250e3077bd71ff98b6a65ea6621a19bb0f559a85248955ac12c45a1a	https://crates.io/api/v1/crates/parking_lot/0.12.5/download	LICENSE-APACHE; LICENSE-MIT
parking_lot_core	0.9.12	transitive	MIT OR Apache-2.0	MIT	2621685985a2ebf1c516881c026032ac7deafcda1a2c9b7850dc81e3dfcb64c1	https://crates.io/api/v1/crates/parking_lot_core/0.9.12/download	LICENSE-APACHE; LICENSE-MIT
password-hash	0.5.0	transitive	MIT OR Apache-2.0	MIT	346f04948ba92c43e8469c1ee6736c7563d71012b17d40745260fe106aac2166	https://crates.io/api/v1/crates/password-hash/0.5.0/download	LICENSE-APACHE; LICENSE-MIT
pbkdf2	0.12.2	transitive	MIT OR Apache-2.0	MIT	f8ed6a7761f76e3b9f92dfb0a60a6a6477c61024b775147ff0973a02653abaf2	https://crates.io/api/v1/crates/pbkdf2/0.12.2/download	LICENSE-APACHE; LICENSE-MIT
pem-rfc7468	0.7.0	transitive	Apache-2.0 OR MIT	MIT	88b39c9bfcfc231068454382784bb460aae594343fb030d46e9f50a645418412	https://crates.io/api/v1/crates/pem-rfc7468/0.7.0/download	LICENSE-APACHE; LICENSE-MIT
percent-encoding	2.3.2	transitive	MIT OR Apache-2.0	MIT	9b4f627cb1b25917193a259e49bdad08f671f8d9708acfd5fe0a8c1455d87220	https://crates.io/api/v1/crates/percent-encoding/2.3.2/download	LICENSE-APACHE; LICENSE-MIT
pin-project-lite	0.2.17	transitive	Apache-2.0 OR MIT	MIT	a89322df9ebe1c1578d689c92318e070967d1042b512afbe49518723f4e6d5cd	https://crates.io/api/v1/crates/pin-project-lite/0.2.17/download	LICENSE-APACHE; LICENSE-MIT
pkcs1	0.7.5	transitive	Apache-2.0 OR MIT	MIT	c8ffb9f10fa047879315e6625af03c164b16962a5368d724ed16323b68ace47f	https://crates.io/api/v1/crates/pkcs1/0.7.5/download	LICENSE-APACHE; LICENSE-MIT
pkcs8	0.10.2	transitive	Apache-2.0 OR MIT	MIT	f950b2377845cebe5cf8b5165cb3cc1a5e0fa5cfa3e1f7f55707d8fd82e0a7b7	https://crates.io/api/v1/crates/pkcs8/0.10.2/download	LICENSE-APACHE; LICENSE-MIT
pkg-config	0.3.33	transitive	MIT OR Apache-2.0	MIT	19f132c84eca552bf34cab8ec81f1c1dcc229b811638f9d283dceabe58c5569e	https://crates.io/api/v1/crates/pkg-config/0.3.33/download	LICENSE-APACHE; LICENSE-MIT
plain	0.2.3	transitive	MIT/Apache-2.0	MIT	b4596b6d070b27117e987119b4dac604f3c58cfb0b191112e24771b2faeac1a6	https://crates.io/api/v1/crates/plain/0.2.3/download	LICENSE-APACHE; LICENSE-MIT
png	0.18.1	transitive	MIT OR Apache-2.0	MIT	60769b8b31b2a9f263dae2776c37b1b28ae246943cf719eb6946a1db05128a61	https://crates.io/api/v1/crates/png/0.18.1/download	LICENSE-APACHE; LICENSE-MIT
potential_utf	0.1.5	transitive	Unicode-3.0	Unicode-3.0	0103b1cef7ec0cf76490e969665504990193874ea05c85ff9bab8b911d0a0564	https://crates.io/api/v1/crates/potential_utf/0.1.5/download	LICENSE
ppmd-rust	1.5.0	transitive	CC0-1.0 OR MIT-0	MIT-0	196a7c80b9a7652aba7cc070827516c2abe4ccdf53d128e1944003cf5726cff1	https://crates.io/api/v1/crates/ppmd-rust/1.5.0/download	LICENSE-CC0.md; LICENSE-MIT-0.md
ppv-lite86	0.2.21	transitive	MIT OR Apache-2.0	MIT	85eae3c4ed2f50dcfe72643da4befc30deadb458a9b590d720cde2f2b1e97da9	https://crates.io/api/v1/crates/ppv-lite86/0.2.21/download	LICENSE-APACHE; LICENSE-MIT
prettyplease	0.2.37	transitive	MIT OR Apache-2.0	MIT	479ca8adacdd7ce8f1fb39ce9ecccbfe93a3f1344b3d0d97f20bc0196208f62b	https://crates.io/api/v1/crates/prettyplease/0.2.37/download	LICENSE-APACHE; LICENSE-MIT
proc-macro2	1.0.106	transitive	MIT OR Apache-2.0	MIT	8fd00f0bb2e90d81d1044c2b32617f68fcb9fa3bb7640c23e9c748e53fb30934	https://crates.io/api/v1/crates/proc-macro2/1.0.106/download	LICENSE-APACHE; LICENSE-MIT
pxfm	0.1.30	transitive	BSD-3-Clause OR Apache-2.0	BSD-3-Clause	d55d956fa96f5ec02be2e13af0e20391a5aa83d6a074e3ad368959d0fab299ea	https://crates.io/api/v1/crates/pxfm/0.1.30/download	LICENSE-APACHE.md; LICENSE.md
quick-xml	0.41.0	normal	MIT	MIT	e660451e55124f798a69a5af3f49ccfbefbd41910eefd25caf2393e1f3473ec1	https://crates.io/api/v1/crates/quick-xml/0.41.0/download	LICENSE-MIT.md
quinn	0.11.11	transitive	MIT OR Apache-2.0	MIT	0c1a41e437b6bbd489372cd4971de128e85c855f56c57f283d20ff016cf7c0a8	https://crates.io/api/v1/crates/quinn/0.11.11/download	LICENSE-APACHE; LICENSE-MIT
quinn-proto	0.11.16	transitive	MIT OR Apache-2.0	MIT	2f4bfc015262b9df63c8845072ce59068853ff5872180c2ce2f13038b970e560	https://crates.io/api/v1/crates/quinn-proto/0.11.16/download	LICENSE-APACHE; LICENSE-MIT
quinn-udp	0.5.15	transitive	MIT OR Apache-2.0	MIT	35a133f956daabe89a61a685c2649f13d82d5aa4bd5d12d1277e1072a21c0694	https://crates.io/api/v1/crates/quinn-udp/0.5.15/download	LICENSE-APACHE; LICENSE-MIT
quote	1.0.46	transitive	MIT OR Apache-2.0	MIT	dfbc457d0c7a0759a614551b11a6409e5951f6c7537be1f1b7682b9ae9230368	https://crates.io/api/v1/crates/quote/1.0.46/download	LICENSE-APACHE; LICENSE-MIT
r-efi	6.0.0	transitive	MIT OR Apache-2.0 OR LGPL-2.1-or-later	MIT	f8dcc9c7d52a811697d2151c701e0d08956f92b0e24136cf4cf27b57a6a0d9bf	https://crates.io/api/v1/crates/r-efi/6.0.0/download	No standalone notice file; inspect source headers before redistribution
rand	0.10.2	transitive	MIT OR Apache-2.0	MIT	c7f5fa3a058cd35567ef9bfa5e75732bee0f9e4c55fa90477bef2dfcdbc4be80	https://crates.io/api/v1/crates/rand/0.10.2/download	COPYRIGHT; LICENSE-APACHE; LICENSE-MIT
rand	0.8.6	transitive	MIT OR Apache-2.0	MIT	5ca0ecfa931c29007047d1bc58e623ab12e5590e8c7cc53200d5202b69266d8a	https://crates.io/api/v1/crates/rand/0.8.6/download	COPYRIGHT; LICENSE-APACHE; LICENSE-MIT
rand_chacha	0.3.1	transitive	MIT OR Apache-2.0	MIT	e6c10a63a0fa32252be49d21e7709d4d4baf8d231c2dbce1eaa8141b9b127d88	https://crates.io/api/v1/crates/rand_chacha/0.3.1/download	COPYRIGHT; LICENSE-APACHE; LICENSE-MIT
rand_core	0.10.1	transitive	MIT OR Apache-2.0	MIT	63b8176103e19a2643978565ca18b50549f6101881c443590420e4dc998a3c69	https://crates.io/api/v1/crates/rand_core/0.10.1/download	COPYRIGHT; LICENSE-APACHE; LICENSE-MIT
rand_core	0.6.4	transitive	MIT OR Apache-2.0	MIT	ec0be4795e2f6a28069bec0b5ff3e2ac9bafc99e6a9a7dc3547996c5c816922c	https://crates.io/api/v1/crates/rand_core/0.6.4/download	COPYRIGHT; LICENSE-APACHE; LICENSE-MIT
rand_pcg	0.10.2	transitive	MIT OR Apache-2.0	MIT	caa0f4137e1c0a72f4c651489402276c8e8e1cf081f3b0ba156d2cbeef09e86a	https://crates.io/api/v1/crates/rand_pcg/0.10.2/download	COPYRIGHT; LICENSE-APACHE; LICENSE-MIT
redox_syscall	0.5.18	transitive	MIT	MIT	ed2bf2547551a7053d6fdfafda3f938979645c44812fbfcda098faae3f1a362d	https://crates.io/api/v1/crates/redox_syscall/0.5.18/download	LICENSE
redox_syscall	0.9.0	transitive	MIT	MIT	c5102a6aaa05aa011a238e178e6bca86d2cb56fc9f586d37cb80f5bca6e07759	https://crates.io/api/v1/crates/redox_syscall/0.9.0/download	LICENSE
redox_users	0.5.3	transitive	MIT	MIT	60dc65c0ff1a7ae1294b0c67b9f14baf70b644404010370171787bfac1038fc0	https://crates.io/api/v1/crates/redox_users/0.5.3/download	LICENSE
regex	1.13.0	transitive	MIT OR Apache-2.0	MIT	2a0e75113e14dc5acb068cd0786884f214f1312650a3d36d269f5c4f3cdee8a2	https://crates.io/api/v1/crates/regex/1.13.0/download	LICENSE-APACHE; LICENSE-MIT
regex-automata	0.4.14	transitive	MIT OR Apache-2.0	MIT	6e1dd4122fc1595e8162618945476892eefca7b88c52820e74af6262213cae8f	https://crates.io/api/v1/crates/regex-automata/0.4.14/download	LICENSE-APACHE; LICENSE-MIT
regex-syntax	0.8.11	transitive	MIT OR Apache-2.0	MIT	d6f6ff9a378485b298a5286656da665ba74413d36db0979633275d2e708145d4	https://crates.io/api/v1/crates/regex-syntax/0.8.11/download	LICENSE-APACHE; LICENSE-MIT; src/unicode_tables/LICENSE-UNICODE
reqwest	0.12.28	normal	MIT OR Apache-2.0	MIT	eddd3ca559203180a307f12d114c268abf583f59b03cb906fd0b3ff8646c1147	https://crates.io/api/v1/crates/reqwest/0.12.28/download	LICENSE-APACHE; LICENSE-MIT
reqwest	0.13.5	transitive	MIT OR Apache-2.0	MIT	16a1cfa75cc186dd73d5818e510e042e40927bccc9c236b061cea97e1eb08029	https://crates.io/api/v1/crates/reqwest/0.13.5/download	LICENSE-APACHE; LICENSE-MIT
ring	0.17.14	transitive	Apache-2.0 AND ISC	Apache-2.0 AND ISC	a4689e6c2294d81e88dc6261c768b63bc4fcdb852be6d1352498b114f61383b7	https://crates.io/api/v1/crates/ring/0.17.14/download	LICENSE; LICENSE-BoringSSL; LICENSE-other-bits; src/polyfill/once_cell/LICENSE-APACHE; src/polyfill/once_cell/LICENSE-MIT; third_party/fiat/LICENSE
rom-converto-lib	0.22.0	normal	NOASSERTION	MIT	git:0bc5e29ce2c4afc3ce30b64de73f7d673f4f9817	https://github.com/DevYukine/rom-converto/tree/0bc5e29ce2c4afc3ce30b64de73f7d673f4f9817	LICENSE
rpassword	7.5.4	normal	Apache-2.0	Apache-2.0	2da316a15f47e3d053de9cb2c439650bd8fa4aaeb9365f2e5f27f492ff73c196	https://crates.io/api/v1/crates/rpassword/7.5.4/download	LICENSE-APACHE
rsa	0.9.10	transitive	MIT OR Apache-2.0	MIT	b8573f03f5883dcaebdfcf4725caa1ecb9c15b2ef50c43a07b816e06799bb12d	https://crates.io/api/v1/crates/rsa/0.9.10/download	LICENSE-APACHE; LICENSE-MIT
rtoolbox	0.0.5	transitive	Apache-2.0	Apache-2.0	50a0e551c1e27e1731aba276dbeaeac73f53c7cd34d1bda485d02bd1e0f36844	https://crates.io/api/v1/crates/rtoolbox/0.0.5/download	LICENSE-APACHE
rustc-hash	2.1.3	transitive	Apache-2.0 OR MIT	MIT	6b1e7f9a428571be2dc5bc0505c13fb6bf936822b894ec87abf8a08a4e51742d	https://crates.io/api/v1/crates/rustc-hash/2.1.3/download	LICENSE-APACHE; LICENSE-MIT
rustc_version	0.4.1	transitive	MIT OR Apache-2.0	MIT	cfcb3a22ef46e85b45de6ee7e79d063319ebb6594faafcf1c225ea92ab6e9b92	https://crates.io/api/v1/crates/rustc_version/0.4.1/download	LICENSE-APACHE; LICENSE-MIT
rustix	1.1.4	transitive	Apache-2.0 WITH LLVM-exception OR Apache-2.0 OR MIT	MIT	b6fe4565b9518b83ef4f91bb47ce29620ca828bd32cb7e408f0062e9930ba190	https://crates.io/api/v1/crates/rustix/1.1.4/download	COPYRIGHT; LICENSE-APACHE; LICENSE-Apache-2.0_WITH_LLVM-exception; LICENSE-MIT
rustls	0.23.45	transitive	Apache-2.0 OR ISC OR MIT	MIT	0d41d731c7d2f962d1ccc364cec258de3c0e93b38c2fb3ba97ac74513048d634	https://crates.io/api/v1/crates/rustls/0.23.45/download	LICENSE-APACHE; LICENSE-ISC; LICENSE-MIT
rustls-native-certs	0.8.4	transitive	Apache-2.0 OR ISC OR MIT	MIT	dab5152771c58876a2146916e53e35057e1a4dfa2b9df0f0305b07f611fdea4d	https://crates.io/api/v1/crates/rustls-native-certs/0.8.4/download	LICENSE; LICENSE-APACHE; LICENSE-ISC; LICENSE-MIT
rustls-pki-types	1.15.0	transitive	MIT OR Apache-2.0	MIT	764899a24af3980067ee14bc143654f297b22eaebfe3c7b6b211920a5a59b046	https://crates.io/api/v1/crates/rustls-pki-types/1.15.0/download	LICENSE-APACHE; LICENSE-MIT
rustls-platform-verifier	0.7.1	transitive	MIT OR Apache-2.0	MIT	1167586491e2b18b8bfbb293e8180ec17c201c4f076d7cb3070ca964e7598f98	https://crates.io/api/v1/crates/rustls-platform-verifier/0.7.1/download	LICENSE-APACHE; LICENSE-MIT
rustls-platform-verifier-android	0.2.0	transitive	MIT OR Apache-2.0	MIT	eec689c0bc40ff2458a5977b6619cb718087084a18e02a131c599b62d05e1a5f	https://crates.io/api/v1/crates/rustls-platform-verifier-android/0.2.0/download	No standalone notice file; inspect source headers before redistribution
rustls-webpki	0.103.15	transitive	ISC	ISC	f3c3cf1d8b1e7d4927e2d154c3fcb02979afb9939629c62cd9048d4f07b60ac2	https://crates.io/api/v1/crates/rustls-webpki/0.103.15/download	LICENSE
rustversion	1.0.23	transitive	MIT OR Apache-2.0	MIT	cf54715a573b99ac80df0bc206da022bcd442c974952c7b9720069370852e21f	https://crates.io/api/v1/crates/rustversion/1.0.23/download	LICENSE-APACHE; LICENSE-MIT
ryu	1.0.23	transitive	Apache-2.0 OR BSL-1.0	Apache-2.0	9774ba4a74de5f7b1c1451ed6cd5285a32eddb5cccb8cc655a4e50009e06477f	https://crates.io/api/v1/crates/ryu/1.0.23/download	LICENSE-APACHE; LICENSE-BOOST
same-file	1.0.6	transitive	Unlicense/MIT	MIT	93fc1dc3aaa9bfed95e02e6eadabb4baf7e3078b0bd1b4d7b6b0b68378900502	https://crates.io/api/v1/crates/same-file/1.0.6/download	COPYING; LICENSE-MIT; UNLICENSE
schannel	0.1.29	transitive	MIT	MIT	91c1b7e4904c873ef0710c1f407dde2e6287de2bebc1bbbf7d430bb7cbffd939	https://crates.io/api/v1/crates/schannel/0.1.29/download	LICENSE.md
scopeguard	1.2.0	transitive	MIT OR Apache-2.0	MIT	94143f37725109f92c262ed2cf5e59bce7498c01bcc1502d7b9afe439a4e9f49	https://crates.io/api/v1/crates/scopeguard/1.2.0/download	LICENSE-APACHE; LICENSE-MIT
security-framework	3.7.0	transitive	MIT OR Apache-2.0	MIT	b7f4bc775c73d9a02cde8bf7b2ec4c9d12743edf609006c7facc23998404cd1d	https://crates.io/api/v1/crates/security-framework/3.7.0/download	LICENSE-APACHE; LICENSE-MIT
security-framework-sys	2.17.0	transitive	MIT OR Apache-2.0	MIT	6ce2691df843ecc5d231c0b14ece2acc3efb62c0a398c7e1d875f3983ce020e3	https://crates.io/api/v1/crates/security-framework-sys/2.17.0/download	LICENSE-APACHE; LICENSE-MIT
semver	1.0.28	transitive	MIT OR Apache-2.0	MIT	8a7852d02fc848982e0c167ef163aaff9cd91dc640ba85e263cb1ce46fae51cd	https://crates.io/api/v1/crates/semver/1.0.28/download	LICENSE-APACHE; LICENSE-MIT
seq-macro	0.3.6	transitive	MIT OR Apache-2.0	MIT	1bc711410fbe7399f390ca1c3b60ad0f53f80e95c5eb935e52268a0e2cd49acc	https://crates.io/api/v1/crates/seq-macro/0.3.6/download	LICENSE-APACHE; LICENSE-MIT
serde	1.0.228	normal	MIT OR Apache-2.0	MIT	9a8e94ea7f378bd32cbbd37198a4a91436180c5bb472411e48b5ec2e2124ae9e	https://crates.io/api/v1/crates/serde/1.0.228/download	LICENSE-APACHE; LICENSE-MIT
serde_core	1.0.228	transitive	MIT OR Apache-2.0	MIT	41d385c7d4ca58e59fc732af25c3983b67ac852c1a25000afe1175de458b67ad	https://crates.io/api/v1/crates/serde_core/1.0.228/download	LICENSE-APACHE; LICENSE-MIT
serde_derive	1.0.228	transitive	MIT OR Apache-2.0	MIT	d540f220d3187173da220f885ab66608367b6574e925011a9353e4badda91d79	https://crates.io/api/v1/crates/serde_derive/1.0.228/download	LICENSE-APACHE; LICENSE-MIT
serde_json	1.0.150	normal	MIT OR Apache-2.0	MIT	e8014e44b4736ed0538adeecded0fce2a272f22dc9578a7eb6b2d9993c74cfb9	https://crates.io/api/v1/crates/serde_json/1.0.150/download	LICENSE-APACHE; LICENSE-MIT
serde_path_to_error	0.1.20	transitive	MIT OR Apache-2.0	MIT	10a9ff822e371bb5403e391ecd83e182e0e77ba7f6fe0160b795797109d1b457	https://crates.io/api/v1/crates/serde_path_to_error/0.1.20/download	LICENSE-APACHE; LICENSE-MIT
serde_spanned	1.1.1	transitive	MIT OR Apache-2.0	MIT	6662b5879511e06e8999a8a235d848113e942c9124f211511b16466ee2995f26	https://crates.io/api/v1/crates/serde_spanned/1.1.1/download	LICENSE-APACHE; LICENSE-MIT
serde_urlencoded	0.7.1	transitive	MIT/Apache-2.0	MIT	d3491c14715ca2294c4d6a88f15e84739788c1d030eed8c110436aafdaa2f3fd	https://crates.io/api/v1/crates/serde_urlencoded/0.7.1/download	LICENSE-APACHE; LICENSE-MIT
sevenz-rust2	0.22.2	normal	Apache-2.0	Apache-2.0	cb967eb8b29410e61e8c9005058fcfd5889d0b827856beb25529c73dfc86a98a	https://crates.io/api/v1/crates/sevenz-rust2/0.22.2/download	LICENSE
sha1	0.10.6	normal	MIT OR Apache-2.0	MIT	e3bf829a2d51ab4a5ddf1352d8470c140cadc8301b2ae1789db023f01cedd6ba	https://crates.io/api/v1/crates/sha1/0.10.6/download	LICENSE-APACHE; LICENSE-MIT
sha2	0.10.9	normal	MIT OR Apache-2.0	MIT	a7507d819769d01a365ab707794a4084392c824f54a7a6a7862f8c3d0892b283	https://crates.io/api/v1/crates/sha2/0.10.9/download	LICENSE-APACHE; LICENSE-MIT
sha2	0.11.0	transitive	MIT OR Apache-2.0	MIT	446ba717509524cb3f22f17ecc096f10f4822d76ab5c0b9822c5f9c284e825f4	https://crates.io/api/v1/crates/sha2/0.11.0/download	LICENSE-APACHE; LICENSE-MIT
sha256	1.6.0	transitive	MIT OR Apache-2.0	MIT	f880fc8562bdeb709793f00eb42a2ad0e672c4f883bbe59122b926eca935c8f6	https://crates.io/api/v1/crates/sha256/1.6.0/download	LICENSE-APACHE; LICENSE-MIT
sharded-slab	0.1.7	transitive	MIT	MIT	f40ca3c46823713e0d4209592e8d6e826aa57e928f09752619fc696c499637f6	https://crates.io/api/v1/crates/sharded-slab/0.1.7/download	LICENSE
shlex	1.3.0	transitive	MIT OR Apache-2.0	MIT	0fda2ff0d084019ba4d7c6f371c95d8fd75ce3524c3cb8fb653a3023f6323e64	https://crates.io/api/v1/crates/shlex/1.3.0/download	LICENSE-APACHE; LICENSE-MIT
shlex	2.0.1	transitive	MIT OR Apache-2.0	MIT	f8fadd59c855ef2080decdef8ff161eb6661b86933c9d82e5ba29dc602a55aba	https://crates.io/api/v1/crates/shlex/2.0.1/download	LICENSE-APACHE; LICENSE-MIT
signal-hook-registry	1.4.8	transitive	MIT OR Apache-2.0	MIT	c4db69cba1110affc0e9f7bcd48bbf87b3f4fc7c61fc9155afd4c469eb3d6c1b	https://crates.io/api/v1/crates/signal-hook-registry/1.4.8/download	LICENSE-APACHE; LICENSE-MIT
signature	2.2.0	transitive	Apache-2.0 OR MIT	MIT	77549399552de45a898a580c1b41d445bf730df867cc44e6c0233bbc4b8329de	https://crates.io/api/v1/crates/signature/2.2.0/download	LICENSE-APACHE; LICENSE-MIT
simd-adler32	0.3.9	transitive	MIT	MIT	703d5c7ef118737c72f1af64ad2f6f8c5e1921f818cdcb97b8fe6fc69bf66214	https://crates.io/api/v1/crates/simd-adler32/0.3.9/download	LICENSE.md
simd_cesu8	1.2.0	transitive	Apache-2.0 OR MIT	MIT	11031e251abf8611c80f460e19dbdeb54a66db918e49c65a7065b46ac7aec520	https://crates.io/api/v1/crates/simd_cesu8/1.2.0/download	LICENSE-APACHE; LICENSE-MIT
simdutf8	0.1.5	transitive	MIT OR Apache-2.0	MIT	e3a9fe34e3e7a50316060351f37187a3f546bce95496156754b601a5fa71b76e	https://crates.io/api/v1/crates/simdutf8/0.1.5/download	LICENSE-Apache; LICENSE-MIT
slab	0.4.12	transitive	MIT	MIT	0c790de23124f9ab44544d7ac05d60440adc586479ce501c1d6d7da3cd8c9cf5	https://crates.io/api/v1/crates/slab/0.4.12/download	LICENSE
smallvec	1.15.2	transitive	MIT OR Apache-2.0	MIT	8ed6a63f02c8539c91a8685a86f4099661ba3da017932f6ebbea6de3f0fa7c90	https://crates.io/api/v1/crates/smallvec/1.15.2/download	LICENSE-APACHE; LICENSE-MIT
socket-pktinfo	0.4.0	transitive	MIT	MIT	3e8e43b4bdce7cff8a4d3f8025ee38fce5ca138fab868ebbf9529c81328fbf9d	https://crates.io/api/v1/crates/socket-pktinfo/0.4.0/download	LICENSE
socket2	0.6.4	transitive	MIT OR Apache-2.0	MIT	52d1cfed4120b4d927bf7c0f86d2087a4a7d6027c906d9f9d525a80573b9be51	https://crates.io/api/v1/crates/socket2/0.6.4/download	LICENSE-APACHE; LICENSE-MIT
spin	0.9.8	transitive	MIT	MIT	6980e8d7511241f8acf4aebddbb1ff938df5eebe98691418c4468d0b72a96a67	https://crates.io/api/v1/crates/spin/0.9.8/download	LICENSE
spki	0.7.3	transitive	Apache-2.0 OR MIT	MIT	d91ed6c858b01f942cd56b37a94b3e0a1798290327d1236e4d9cf4eaca44d29d	https://crates.io/api/v1/crates/spki/0.7.3/download	LICENSE-APACHE; LICENSE-MIT
sqlx	0.8.6	normal	MIT OR Apache-2.0	MIT	1fefb893899429669dcdd979aff487bd78f4064e5e7907e4269081e0ef7d97dc	https://crates.io/api/v1/crates/sqlx/0.8.6/download	LICENSE-APACHE; LICENSE-MIT
sqlx-core	0.8.6	transitive	MIT OR Apache-2.0	MIT	ee6798b1838b6a0f69c007c133b8df5866302197e404e8b6ee8ed3e3a5e68dc6	https://crates.io/api/v1/crates/sqlx-core/0.8.6/download	LICENSE-APACHE; LICENSE-MIT
sqlx-macros	0.8.6	transitive	MIT OR Apache-2.0	MIT	a2d452988ccaacfbf5e0bdbc348fb91d7c8af5bee192173ac3636b5fb6e6715d	https://crates.io/api/v1/crates/sqlx-macros/0.8.6/download	LICENSE-APACHE; LICENSE-MIT
sqlx-macros-core	0.8.6	transitive	MIT OR Apache-2.0	MIT	19a9c1841124ac5a61741f96e1d9e2ec77424bf323962dd894bdb93f37d5219b	https://crates.io/api/v1/crates/sqlx-macros-core/0.8.6/download	LICENSE-APACHE; LICENSE-MIT
sqlx-mysql	0.8.6	transitive	MIT OR Apache-2.0	MIT	aa003f0038df784eb8fecbbac13affe3da23b45194bd57dba231c8f48199c526	https://crates.io/api/v1/crates/sqlx-mysql/0.8.6/download	LICENSE-APACHE; LICENSE-MIT
sqlx-postgres	0.8.6	transitive	MIT OR Apache-2.0	MIT	db58fcd5a53cf07c184b154801ff91347e4c30d17a3562a635ff028ad5deda46	https://crates.io/api/v1/crates/sqlx-postgres/0.8.6/download	LICENSE-APACHE; LICENSE-MIT
sqlx-sqlite	0.8.6	transitive	MIT OR Apache-2.0	MIT	c2d12fe70b2c1b4401038055f90f151b78208de1f9f89a7dbfd41587a10c3eea	https://crates.io/api/v1/crates/sqlx-sqlite/0.8.6/download	LICENSE-APACHE; LICENSE-MIT
stable_deref_trait	1.2.1	transitive	MIT OR Apache-2.0	MIT	6ce2be8dc25455e1f91df71bfa12ad37d7af1092ae736f3a6cd0e37bc7810596	https://crates.io/api/v1/crates/stable_deref_trait/1.2.1/download	LICENSE-APACHE; LICENSE-MIT
stringprep	0.1.5	transitive	MIT/Apache-2.0	MIT	7b4df3d392d81bd458a8a621b8bffbd2302a12ffe288a9d931670948749463b1	https://crates.io/api/v1/crates/stringprep/0.1.5/download	LICENSE-APACHE; LICENSE-MIT
strsim	0.11.1	transitive	MIT	MIT	7da8b5736845d9f2fcb837ea5d9e2628564b3b043a70948a3f0b778838c5fb4f	https://crates.io/api/v1/crates/strsim/0.11.1/download	LICENSE
subtle	2.6.1	transitive	BSD-3-Clause	BSD-3-Clause	13c2bddecc57b384dee18652358fb23172facb8a2c51ccc10d74c157bdea3292	https://crates.io/api/v1/crates/subtle/2.6.1/download	LICENSE
syn	2.0.118	transitive	MIT OR Apache-2.0	MIT	1b9ae57f904213ebb649ce6895b8a66c66f0203b9319718f69a5612a065b1422	https://crates.io/api/v1/crates/syn/2.0.118/download	LICENSE-APACHE; LICENSE-MIT
syn	3.0.6	transitive	MIT OR Apache-2.0	MIT	8593e8e72159ed2257d083c7a454a85cbf854f37a0966d8d483aff8c8a3ebcee	https://crates.io/api/v1/crates/syn/3.0.6/download	LICENSE-APACHE; LICENSE-MIT
sync_wrapper	1.0.2	transitive	Apache-2.0	Apache-2.0	0bf256ce5efdfa370213c1dabab5935a12e49f2c58d15e9eac2870d3b4f27263	https://crates.io/api/v1/crates/sync_wrapper/1.0.2/download	LICENSE
synstructure	0.13.2	transitive	MIT	MIT	728a70f3dbaf5bab7f0c4b1ac8d7ae5ea60a4b5549c8a5914361c99147a709d2	https://crates.io/api/v1/crates/synstructure/0.13.2/download	LICENSE
system-configuration	0.7.0	transitive	MIT OR Apache-2.0	MIT	a13f3d0daba03132c0aa9767f98351b3488edc2c100cda2d2ec2b04f3d8d3c8b	https://crates.io/api/v1/crates/system-configuration/0.7.0/download	LICENSE-APACHE; LICENSE-MIT
system-configuration-sys	0.6.0	transitive	MIT OR Apache-2.0	MIT	8e1d1b10ced5ca923a1fcb8d03e96b8d3268065d724548c0211415ff6ac6bac4	https://crates.io/api/v1/crates/system-configuration-sys/0.6.0/download	LICENSE-APACHE; LICENSE-MIT
tar	0.4.46	transitive	MIT OR Apache-2.0	MIT	3f6221d9a6003c78398e3b239969f352578258df48c8eb051caadae0015bc840	https://crates.io/api/v1/crates/tar/0.4.46/download	LICENSE-APACHE; LICENSE-MIT
tempfile	3.27.0	normal	MIT OR Apache-2.0	MIT	32497e9a4c7b38532efcdebeef879707aa9f794296a4f0244f6f69e9bc8574bd	https://crates.io/api/v1/crates/tempfile/3.27.0/download	LICENSE-APACHE; LICENSE-MIT
thiserror	2.0.18	normal	MIT OR Apache-2.0	MIT	4288b5bcbc7920c07a1149a35cf9590a2aa808e0bc1eafaade0b80947865fbc4	https://crates.io/api/v1/crates/thiserror/2.0.18/download	LICENSE-APACHE; LICENSE-MIT
thiserror-impl	2.0.18	transitive	MIT OR Apache-2.0	MIT	ebc4ee7f67670e9b64d05fa4253e753e016c6c95ff35b89b7941d6b856dec1d5	https://crates.io/api/v1/crates/thiserror-impl/2.0.18/download	LICENSE-APACHE; LICENSE-MIT
thread_local	1.1.9	transitive	MIT OR Apache-2.0	MIT	f60246a4944f24f6e018aa17cdeffb7818b76356965d03b07d6a9886e8962185	https://crates.io/api/v1/crates/thread_local/1.1.9/download	LICENSE-APACHE; LICENSE-MIT
tinystr	0.8.3	transitive	Unicode-3.0	Unicode-3.0	c8323304221c2a851516f22236c5722a72eaa19749016521d6dff0824447d96d	https://crates.io/api/v1/crates/tinystr/0.8.3/download	LICENSE
tinyvec	1.11.0	transitive	Zlib OR Apache-2.0 OR MIT	MIT	3e61e67053d25a4e82c844e8424039d9745781b3fc4f32b8d55ed50f5f667ef3	https://crates.io/api/v1/crates/tinyvec/1.11.0/download	LICENSE-APACHE.md; LICENSE-MIT.md; LICENSE-ZLIB.md
tinyvec_macros	0.1.1	transitive	MIT OR Apache-2.0 OR Zlib	MIT	1f3ccbac311fea05f86f61904b462b55fb3df8837a366dfc601a0161d0532f20	https://crates.io/api/v1/crates/tinyvec_macros/0.1.1/download	LICENSE-APACHE.md; LICENSE-MIT.md; LICENSE-ZLIB.md
tokio	1.52.3	normal	MIT	MIT	8fc7f01b389ac15039e4dc9531aa973a135d7a4135281b12d7c1bc79fd57fffe	https://crates.io/api/v1/crates/tokio/1.52.3/download	LICENSE
tokio-macros	2.7.0	transitive	MIT	MIT	385a6cb71ab9ab790c5fe8d67f1645e6c450a7ce006a33de03daa956cf70a496	https://crates.io/api/v1/crates/tokio-macros/2.7.0/download	LICENSE
tokio-rustls	0.26.4	transitive	MIT OR Apache-2.0	MIT	1729aa945f29d91ba541258c8df89027d5792d85a8841fb65e8bf0f4ede4ef61	https://crates.io/api/v1/crates/tokio-rustls/0.26.4/download	LICENSE-APACHE; LICENSE-MIT
tokio-stream	0.1.18	transitive	MIT	MIT	32da49809aab5c3bc678af03902d4ccddea2a87d028d86392a4b1560c6906c70	https://crates.io/api/v1/crates/tokio-stream/0.1.18/download	LICENSE
tokio-util	0.7.18	normal	MIT	MIT	9ae9cec805b01e8fc3fd2fe289f89149a9b66dd16786abd8b19cfa7b48cb0098	https://crates.io/api/v1/crates/tokio-util/0.7.18/download	LICENSE
toml	1.1.6+spec-1.1.0	transitive	MIT OR Apache-2.0	MIT	920602543f0911ab71da12c50d59701da54c196d1a2bf5cb4b75667f137a406a	https://crates.io/api/v1/crates/toml/1.1.6+spec-1.1.0/download	LICENSE-APACHE; LICENSE-MIT
toml_datetime	1.1.1+spec-1.1.0	transitive	MIT OR Apache-2.0	MIT	3165f65f62e28e0115a00b2ebdd37eb6f3b641855f9d636d3cd4103767159ad7	https://crates.io/api/v1/crates/toml_datetime/1.1.1+spec-1.1.0/download	LICENSE-APACHE; LICENSE-MIT
toml_edit	0.25.15+spec-1.1.0	transitive	MIT OR Apache-2.0	MIT	1340ea94a5856333492c9064b02c778b191dd2c853778d9609debdcdfea3a614	https://crates.io/api/v1/crates/toml_edit/0.25.15+spec-1.1.0/download	LICENSE-APACHE; LICENSE-MIT
toml_parser	1.1.3+spec-1.1.0	transitive	MIT OR Apache-2.0	MIT	1d38ac1cf9b95face32296c0a3ede1fdc270627c9d9c02a7274dd6d960dc4d56	https://crates.io/api/v1/crates/toml_parser/1.1.3+spec-1.1.0/download	LICENSE-APACHE; LICENSE-MIT
toml_writer	1.1.2+spec-1.1.0	transitive	MIT OR Apache-2.0	MIT	7d56353a2a665ad0f41a421187180aab746c8c325620617ad883a99a1cbe66d2	https://crates.io/api/v1/crates/toml_writer/1.1.2+spec-1.1.0/download	LICENSE-APACHE; LICENSE-MIT
tower	0.5.3	dev	MIT	MIT	ebe5ef63511595f1344e2d5cfa636d973292adc0eec1f0ad45fae9f0851ab1d4	https://crates.io/api/v1/crates/tower/0.5.3/download	LICENSE
tower-http	0.6.11	normal	MIT	MIT	4cfcf7e2740e6fc6d4d688b4ef00650406bb94adf4731e43c096c3a19fe40840	https://crates.io/api/v1/crates/tower-http/0.6.11/download	LICENSE
tower-layer	0.3.3	transitive	MIT	MIT	121c2a6cda46980bb0fcd1647ffaf6cd3fc79a013de288782836f6df9c48780e	https://crates.io/api/v1/crates/tower-layer/0.3.3/download	LICENSE
tower-service	0.3.3	transitive	MIT	MIT	8df9b6e13f2d32c91b9bd719c00d1958837bc7dec474d94952798cc8e69eeec3	https://crates.io/api/v1/crates/tower-service/0.3.3/download	LICENSE
tracing	0.1.44	normal	MIT	MIT	63e71662fa4b2a2c3a26f570f037eb95bb1f85397f3cd8076caed2f026a6d100	https://crates.io/api/v1/crates/tracing/0.1.44/download	LICENSE
tracing-attributes	0.1.31	transitive	MIT	MIT	7490cfa5ec963746568740651ac6781f701c9c5ea257c58e057f3ba8cf69e8da	https://crates.io/api/v1/crates/tracing-attributes/0.1.31/download	LICENSE
tracing-core	0.1.36	transitive	MIT	MIT	db97caf9d906fbde555dd62fa95ddba9eecfd14cb388e4f491a66d74cd5fb79a	https://crates.io/api/v1/crates/tracing-core/0.1.36/download	LICENSE; src/spin/LICENSE
tracing-log	0.2.0	transitive	MIT	MIT	ee855f1f400bd0e5c02d150ae5de3840039a3f54b025156404e34c23c03f47c3	https://crates.io/api/v1/crates/tracing-log/0.2.0/download	LICENSE
tracing-serde	0.2.0	transitive	MIT	MIT	704b1aeb7be0d0a84fc9828cae51dab5970fee5088f83d1dd7ee6f6246fc6ff1	https://crates.io/api/v1/crates/tracing-serde/0.2.0/download	LICENSE
tracing-subscriber	0.3.23	normal	MIT	MIT	cb7f578e5945fb242538965c2d0b04418d38ec25c79d160cd279bf0731c8d319	https://crates.io/api/v1/crates/tracing-subscriber/0.3.23/download	LICENSE
try-lock	0.2.5	transitive	MIT	MIT	e421abadd41a4225275504ea4d6566923418b7f05506fbc9c0fe86ba7396114b	https://crates.io/api/v1/crates/try-lock/0.2.5/download	LICENSE
twox-hash	2.1.4	transitive	MIT	MIT	5283634e518fe9e82c7b20520bb4bc209009fd16c82077c802f8111ecbb0117a	https://crates.io/api/v1/crates/twox-hash/2.1.4/download	LICENSE.txt
typed-path	0.12.3	transitive	MIT OR Apache-2.0	MIT	8e28f89b80c87b8fb0cf04ab448d5dd0dd0ade2f8891bae878de66a75a28600e	https://crates.io/api/v1/crates/typed-path/0.12.3/download	LICENSE-APACHE; LICENSE-MIT
typenum	1.20.1	transitive	MIT OR Apache-2.0	MIT	b6f5e870be6c3b371b77fe0ee0bafb859fa4964b4404c27de1d380043c4dda20	https://crates.io/api/v1/crates/typenum/1.20.1/download	LICENSE; LICENSE-APACHE; LICENSE-MIT
unicode-bidi	0.3.18	transitive	MIT OR Apache-2.0	MIT	5c1cb5db39152898a79168971543b1cb5020dff7fe43c8dc468b0885f5e29df5	https://crates.io/api/v1/crates/unicode-bidi/0.3.18/download	COPYRIGHT; LICENSE-APACHE; LICENSE-MIT
unicode-ident	1.0.24	transitive	(MIT OR Apache-2.0) AND Unicode-3.0	MIT AND Unicode-3.0	e6e4313cd5fcd3dad5cafa179702e2b244f760991f45397d14d4ebf38247da75	https://crates.io/api/v1/crates/unicode-ident/1.0.24/download	LICENSE-APACHE; LICENSE-MIT; LICENSE-UNICODE
unicode-normalization	0.1.25	normal	MIT OR Apache-2.0	MIT	5fd4f6878c9cb28d874b009da9e8d183b5abc80117c40bbd187a1fde336be6e8	https://crates.io/api/v1/crates/unicode-normalization/0.1.25/download	COPYRIGHT; LICENSE-APACHE; LICENSE-MIT
unicode-properties	0.1.4	transitive	MIT/Apache-2.0	MIT	7df058c713841ad818f1dc5d3fd88063241cc61f49f5fbea4b951e8cf5a8d71d	https://crates.io/api/v1/crates/unicode-properties/0.1.4/download	COPYRIGHT; LICENSE-APACHE; LICENSE-MIT
unrar-ng	0.7.7	transitive	MIT OR Apache-2.0	MIT	9ff7a01700c732826b5a3414f911cb72015642ebdf16566f2e88b36d5dc49aec	https://crates.io/api/v1/crates/unrar-ng/0.7.7/download	LICENSE-APACHE; LICENSE-MIT
unrar-ng-sys	0.7.7	transitive	MIT OR Apache-2.0	MIT AND LicenseRef-UnRAR	72678d22d4d6aa9f0b905f5d6d5cd3e462c55631b526297d06fb1663532daa76	https://crates.io/api/v1/crates/unrar-ng-sys/0.7.7/download	vendor/unrar/license.txt
untrusted	0.9.0	transitive	ISC	ISC	8ecb6da28b8a351d773b68d5825ac39017e680750f980f3a1a85cd8dd28a47c1	https://crates.io/api/v1/crates/untrusted/0.9.0/download	LICENSE.txt
url	2.5.8	normal	MIT OR Apache-2.0	MIT	ff67a8a4397373c3ef660812acab3268222035010ab8680ec4215f38ba3d0eed	https://crates.io/api/v1/crates/url/2.5.8/download	LICENSE-APACHE; LICENSE-MIT
utf8_iter	1.0.4	transitive	Apache-2.0 OR MIT	MIT	b6c140620e7ffbb22c2dee59cafe6084a59b5ffc27a8859a5f0d494b5d52b6be	https://crates.io/api/v1/crates/utf8_iter/1.0.4/download	COPYRIGHT; LICENSE-APACHE; LICENSE-MIT
utf8parse	0.2.2	transitive	Apache-2.0 OR MIT	MIT	06abde3611657adf66d383f00b093d7faecc7fa57071cce2578660c9f1010821	https://crates.io/api/v1/crates/utf8parse/0.2.2/download	LICENSE-APACHE; LICENSE-MIT
valuable	0.1.1	transitive	MIT	MIT	ba73ea9cf16a25df0c8caa16c51acb937d5712a8429db78a3ee29d5dcacd3a65	https://crates.io/api/v1/crates/valuable/0.1.1/download	No standalone notice file; inspect source headers before redistribution
vcpkg	0.2.15	transitive	MIT/Apache-2.0	MIT	accd4ea62f7bb7a82fe23066fb0957d48ef677f6eeb8215f372f52e48bb32426	https://crates.io/api/v1/crates/vcpkg/0.2.15/download	LICENSE-APACHE; LICENSE-MIT
version_check	0.9.5	transitive	MIT/Apache-2.0	MIT	0b928f33d975fc6ad9f86c8f283853ad26bdd5b10b7f1542aa2fa15e2289105a	https://crates.io/api/v1/crates/version_check/0.9.5/download	LICENSE-APACHE; LICENSE-MIT
walkdir	2.5.0	transitive	Unlicense/MIT	MIT	29790946404f91d9c5d06f9874efddea1dc06c5efe94541a7d6863108e3a5e4b	https://crates.io/api/v1/crates/walkdir/2.5.0/download	COPYING; LICENSE-MIT; UNLICENSE
want	0.3.1	transitive	MIT	MIT	bfa7760aed19e106de2c7c0b581b509f2f25d3dacaf737cb82ac61bc6d760b0e	https://crates.io/api/v1/crates/want/0.3.1/download	LICENSE
wasi	0.11.1+wasi-snapshot-preview1	transitive	Apache-2.0 WITH LLVM-exception OR Apache-2.0 OR MIT	MIT	ccf3ec651a847eb01de73ccad15eb7d99f80485de043efb2f370cd654f4ea44b	https://crates.io/api/v1/crates/wasi/0.11.1+wasi-snapshot-preview1/download	LICENSE-APACHE; LICENSE-Apache-2.0_WITH_LLVM-exception; LICENSE-MIT
wasite	0.1.0	transitive	Apache-2.0 OR BSL-1.0 OR MIT	MIT	b8dad83b4f25e74f184f64c43b150b91efe7647395b42289f38e50566d82855b	https://crates.io/api/v1/crates/wasite/0.1.0/download	No standalone notice file; inspect source headers before redistribution
wasm-bindgen	0.2.126	transitive	MIT OR Apache-2.0	MIT	4b067c0c11094aef6b7a801c1e34a26affafdf3d051dba08456b868789aaf9a4	https://crates.io/api/v1/crates/wasm-bindgen/0.2.126/download	LICENSE-APACHE; LICENSE-MIT
wasm-bindgen-futures	0.4.76	transitive	MIT OR Apache-2.0	MIT	c62df1340f32221cb9c54d6a27b030e3dba64361d4a95bed55f9aacb44da291d	https://crates.io/api/v1/crates/wasm-bindgen-futures/0.4.76/download	LICENSE-APACHE; LICENSE-MIT
wasm-bindgen-macro	0.2.126	transitive	MIT OR Apache-2.0	MIT	167ce5e579f6bcf889c4f7175a8a5a585de84e8ff93976ce393efa5f2837aab1	https://crates.io/api/v1/crates/wasm-bindgen-macro/0.2.126/download	LICENSE-APACHE; LICENSE-MIT
wasm-bindgen-macro-support	0.2.126	transitive	MIT OR Apache-2.0	MIT	f3997c7839262f4ef12cf90b818d6340c18e80f263f1a94bf157d0ec4420380e	https://crates.io/api/v1/crates/wasm-bindgen-macro-support/0.2.126/download	LICENSE-APACHE; LICENSE-MIT
wasm-bindgen-shared	0.2.126	transitive	MIT OR Apache-2.0	MIT	dc1b4cb0cc549fcf58d7dfc081778139b3d283a081644e833e84682ad71cea24	https://crates.io/api/v1/crates/wasm-bindgen-shared/0.2.126/download	LICENSE-APACHE; LICENSE-MIT
wasm-streams	0.4.2	transitive	MIT OR Apache-2.0	MIT	15053d8d85c7eccdbefef60f06769760a563c7f0a9d6902a13d35c7800b0ad65	https://crates.io/api/v1/crates/wasm-streams/0.4.2/download	LICENSE-APACHE; LICENSE-MIT
wasm-streams	0.5.0	transitive	MIT OR Apache-2.0	MIT	9d1ec4f6517c9e11ae630e200b2b65d193279042e28edd4a2cda233e46670bbb	https://crates.io/api/v1/crates/wasm-streams/0.5.0/download	LICENSE-APACHE; LICENSE-MIT
web-sys	0.3.103	transitive	MIT OR Apache-2.0	MIT	8622dcb61c0bcc9fffa6938bed81210af2da9a7e4a1a834b2e37a59b6dfb6141	https://crates.io/api/v1/crates/web-sys/0.3.103/download	LICENSE-APACHE; LICENSE-MIT
web-time	1.1.0	transitive	MIT OR Apache-2.0	MIT	5a6580f308b1fad9207618087a65c04e7a10bc77e02c8e84e9b00dd4b12fa0bb	https://crates.io/api/v1/crates/web-time/1.1.0/download	LICENSE-APACHE; LICENSE-MIT
webpki-root-certs	1.0.9	transitive	CDLA-Permissive-2.0	CDLA-Permissive-2.0	b96554aa2acc8ccdb7e1c9a58a7a68dd5d13bccc69cd124cb09406db612a1c9b	https://crates.io/api/v1/crates/webpki-root-certs/1.0.9/download	LICENSE
webpki-roots	0.26.11	transitive	CDLA-Permissive-2.0	CDLA-Permissive-2.0	521bc38abb08001b01866da9f51eb7c5d647a19260e00054a8c7fd5f9e57f7a9	https://crates.io/api/v1/crates/webpki-roots/0.26.11/download	LICENSE
webpki-roots	1.0.8	transitive	CDLA-Permissive-2.0	CDLA-Permissive-2.0	bf85cb06032201fa7c6f829d7db5a7e5aa45bcc0655327713065f6f0576731bf	https://crates.io/api/v1/crates/webpki-roots/1.0.8/download	LICENSE
whoami	1.6.1	transitive	Apache-2.0 OR BSL-1.0 OR MIT	MIT	5d4a4db5077702ca3015d3d02d74974948aba2ad9e12ab7df718ee64ccd7e97d	https://crates.io/api/v1/crates/whoami/1.6.1/download	LICENSE_APACHE; LICENSE_BOOST; LICENSE_MIT
widestring	1.2.1	transitive	MIT OR Apache-2.0	MIT	72069c3113ab32ab29e5584db3c6ec55d416895e60715417b5b883a357c3e471	https://crates.io/api/v1/crates/widestring/1.2.1/download	LICENSE-APACHE; LICENSE-MIT
winapi	0.3.9	transitive	MIT/Apache-2.0	MIT	5c839a674fcd7a98952e593242ea400abe93992746761e38641405d28b00f419	https://crates.io/api/v1/crates/winapi/0.3.9/download	LICENSE-APACHE; LICENSE-MIT
winapi-i686-pc-windows-gnu	0.4.0	transitive	MIT/Apache-2.0	MIT	ac3b87c63620426dd9b991e5ce0329eff545bccbbb34f3be09ff6fb6ab51b7b6	https://crates.io/api/v1/crates/winapi-i686-pc-windows-gnu/0.4.0/download	lib/libwinapi_oemlicense.a
winapi-util	0.1.11	transitive	Unlicense OR MIT	MIT	c2a7b1c03c876122aa43f3020e6c3c3ee5c05081c9a00739faf7503aeba10d22	https://crates.io/api/v1/crates/winapi-util/0.1.11/download	COPYING; LICENSE-MIT; UNLICENSE
winapi-x86_64-pc-windows-gnu	0.4.0	transitive	MIT/Apache-2.0	MIT	712e227841d057c1ee1cd2fb22fa7e5a5461ae8e48fa2ca79ec42cfc1931183f	https://crates.io/api/v1/crates/winapi-x86_64-pc-windows-gnu/0.4.0/download	lib/libwinapi_oemlicense.a
windows-core	0.62.2	transitive	MIT OR Apache-2.0	MIT	b8e83a14d34d0623b51dce9581199302a221863196a1dde71a7663a4c2be9deb	https://crates.io/api/v1/crates/windows-core/0.62.2/download	license-apache-2.0; license-mit
windows-implement	0.60.2	transitive	MIT OR Apache-2.0	MIT	053e2e040ab57b9dc951b72c264860db7eb3b0200ba345b4e4c3b14f67855ddf	https://crates.io/api/v1/crates/windows-implement/0.60.2/download	license-apache-2.0; license-mit
windows-interface	0.59.3	transitive	MIT OR Apache-2.0	MIT	3f316c4a2570ba26bbec722032c4099d8c8bc095efccdc15688708623367e358	https://crates.io/api/v1/crates/windows-interface/0.59.3/download	license-apache-2.0; license-mit
windows-link	0.2.1	transitive	MIT OR Apache-2.0	MIT	f0805222e57f7521d6a62e36fa9163bc891acd422f971defe97d64e70d0a4fe5	https://crates.io/api/v1/crates/windows-link/0.2.1/download	license-apache-2.0; license-mit
windows-registry	0.6.1	transitive	MIT OR Apache-2.0	MIT	02752bf7fbdcce7f2a27a742f798510f3e5ad88dbe84871e5168e2120c3d5720	https://crates.io/api/v1/crates/windows-registry/0.6.1/download	license-apache-2.0; license-mit
windows-result	0.4.1	transitive	MIT OR Apache-2.0	MIT	7781fa89eaf60850ac3d2da7af8e5242a5ea78d1a11c49bf2910bb5a73853eb5	https://crates.io/api/v1/crates/windows-result/0.4.1/download	license-apache-2.0; license-mit
windows-strings	0.5.1	transitive	MIT OR Apache-2.0	MIT	7837d08f69c77cf6b07689544538e017c1bfcf57e34b4c0ff58e6c2cd3b37091	https://crates.io/api/v1/crates/windows-strings/0.5.1/download	license-apache-2.0; license-mit
windows-sys	0.48.0	transitive	MIT OR Apache-2.0	MIT	677d2418bec65e3338edb076e806bc1ec15693c5d0104683f2efe857f61056a9	https://crates.io/api/v1/crates/windows-sys/0.48.0/download	license-apache-2.0; license-mit
windows-sys	0.52.0	transitive	MIT OR Apache-2.0	MIT	282be5f36a8ce781fad8c8ae18fa3f9beff57ec1b52cb3de0789201425d9a33d	https://crates.io/api/v1/crates/windows-sys/0.52.0/download	license-apache-2.0; license-mit
windows-sys	0.59.0	transitive	MIT OR Apache-2.0	MIT	1e38bc4d79ed67fd075bcc251a1c39b32a1776bbe92e5bef1f0bf1f8c531853b	https://crates.io/api/v1/crates/windows-sys/0.59.0/download	license-apache-2.0; license-mit
windows-sys	0.61.2	transitive	MIT OR Apache-2.0	MIT	ae137229bcbd6cdf0f7b80a31df61766145077ddf49416a728b02cb3921ff3fc	https://crates.io/api/v1/crates/windows-sys/0.61.2/download	license-apache-2.0; license-mit
windows-targets	0.48.5	transitive	MIT OR Apache-2.0	MIT	9a2fa6e2155d7247be68c096456083145c183cbbbc2764150dda45a87197940c	https://crates.io/api/v1/crates/windows-targets/0.48.5/download	license-apache-2.0; license-mit
windows-targets	0.52.6	transitive	MIT OR Apache-2.0	MIT	9b724f72796e036ab90c1021d4780d4d3d648aca59e491e6b98e725b84e99973	https://crates.io/api/v1/crates/windows-targets/0.52.6/download	license-apache-2.0; license-mit
windows_aarch64_gnullvm	0.48.5	transitive	MIT OR Apache-2.0	MIT	2b38e32f0abccf9987a4e3079dfb67dcd799fb61361e53e2882c3cbaf0d905d8	https://crates.io/api/v1/crates/windows_aarch64_gnullvm/0.48.5/download	license-apache-2.0; license-mit
windows_aarch64_gnullvm	0.52.6	transitive	MIT OR Apache-2.0	MIT	32a4622180e7a0ec044bb555404c800bc9fd9ec262ec147edd5989ccd0c02cd3	https://crates.io/api/v1/crates/windows_aarch64_gnullvm/0.52.6/download	license-apache-2.0; license-mit
windows_aarch64_msvc	0.48.5	transitive	MIT OR Apache-2.0	MIT	dc35310971f3b2dbbf3f0690a219f40e2d9afcf64f9ab7cc1be722937c26b4bc	https://crates.io/api/v1/crates/windows_aarch64_msvc/0.48.5/download	license-apache-2.0; license-mit
windows_aarch64_msvc	0.52.6	transitive	MIT OR Apache-2.0	MIT	09ec2a7bb152e2252b53fa7803150007879548bc709c039df7627cabbd05d469	https://crates.io/api/v1/crates/windows_aarch64_msvc/0.52.6/download	license-apache-2.0; license-mit
windows_i686_gnu	0.48.5	transitive	MIT OR Apache-2.0	MIT	a75915e7def60c94dcef72200b9a8e58e5091744960da64ec734a6c6e9b3743e	https://crates.io/api/v1/crates/windows_i686_gnu/0.48.5/download	license-apache-2.0; license-mit
windows_i686_gnu	0.52.6	transitive	MIT OR Apache-2.0	MIT	8e9b5ad5ab802e97eb8e295ac6720e509ee4c243f69d781394014ebfe8bbfa0b	https://crates.io/api/v1/crates/windows_i686_gnu/0.52.6/download	license-apache-2.0; license-mit
windows_i686_gnullvm	0.52.6	transitive	MIT OR Apache-2.0	MIT	0eee52d38c090b3caa76c563b86c3a4bd71ef1a819287c19d586d7334ae8ed66	https://crates.io/api/v1/crates/windows_i686_gnullvm/0.52.6/download	license-apache-2.0; license-mit
windows_i686_msvc	0.48.5	transitive	MIT OR Apache-2.0	MIT	8f55c233f70c4b27f66c523580f78f1004e8b5a8b659e05a4eb49d4166cca406	https://crates.io/api/v1/crates/windows_i686_msvc/0.48.5/download	license-apache-2.0; license-mit
windows_i686_msvc	0.52.6	transitive	MIT OR Apache-2.0	MIT	240948bc05c5e7c6dabba28bf89d89ffce3e303022809e73deaefe4f6ec56c66	https://crates.io/api/v1/crates/windows_i686_msvc/0.52.6/download	license-apache-2.0; license-mit
windows_x86_64_gnu	0.48.5	transitive	MIT OR Apache-2.0	MIT	53d40abd2583d23e4718fddf1ebec84dbff8381c07cae67ff7768bbf19c6718e	https://crates.io/api/v1/crates/windows_x86_64_gnu/0.48.5/download	license-apache-2.0; license-mit
windows_x86_64_gnu	0.52.6	transitive	MIT OR Apache-2.0	MIT	147a5c80aabfbf0c7d901cb5895d1de30ef2907eb21fbbab29ca94c5b08b1a78	https://crates.io/api/v1/crates/windows_x86_64_gnu/0.52.6/download	license-apache-2.0; license-mit
windows_x86_64_gnullvm	0.48.5	transitive	MIT OR Apache-2.0	MIT	0b7b52767868a23d5bab768e390dc5f5c55825b6d30b86c844ff2dc7414044cc	https://crates.io/api/v1/crates/windows_x86_64_gnullvm/0.48.5/download	license-apache-2.0; license-mit
windows_x86_64_gnullvm	0.52.6	transitive	MIT OR Apache-2.0	MIT	24d5b23dc417412679681396f2b49f3de8c1473deb516bd34410872eff51ed0d	https://crates.io/api/v1/crates/windows_x86_64_gnullvm/0.52.6/download	license-apache-2.0; license-mit
windows_x86_64_msvc	0.48.5	transitive	MIT OR Apache-2.0	MIT	ed94fce61571a4006852b7389a063ab983c02eb1bb37b47f8272ce92d06d9538	https://crates.io/api/v1/crates/windows_x86_64_msvc/0.48.5/download	license-apache-2.0; license-mit
windows_x86_64_msvc	0.52.6	transitive	MIT OR Apache-2.0	MIT	589f6da84c646204747d1270a2a5661ea66ed1cced2631d546fdfb155959f9ec	https://crates.io/api/v1/crates/windows_x86_64_msvc/0.52.6/download	license-apache-2.0; license-mit
winnow	1.0.4	transitive	MIT	MIT	23b97319f7b8343df12cc98938e5c3eb436064524c8d2b4e30a1d3a36eecdf81	https://crates.io/api/v1/crates/winnow/1.0.4/download	LICENSE-MIT
writeable	0.6.3	transitive	Unicode-3.0	Unicode-3.0	1ffae5123b2d3fc086436f8834ae3ab053a283cfac8fe0a0b8eaae044768a4c4	https://crates.io/api/v1/crates/writeable/0.6.3/download	LICENSE
xattr	1.6.1	transitive	MIT OR Apache-2.0	MIT	32e45ad4206f6d2479085147f02bc2ef834ac85886624a23575ae137c8aa8156	https://crates.io/api/v1/crates/xattr/1.6.1/download	LICENSE-APACHE; LICENSE-MIT
xts-mode	0.6.0	transitive	MIT	MIT	e2acb658219ff8afdcedc1ea506709b2b32812719eb6ac36f47ae43f50404157	https://crates.io/api/v1/crates/xts-mode/0.6.0/download	LICENSE.md
yoke	0.8.3	transitive	Unicode-3.0	Unicode-3.0	709fe23a0424b6a435d82152b1bd3fdfb0833487d5fa90d05d42762a9891fef5	https://crates.io/api/v1/crates/yoke/0.8.3/download	LICENSE
yoke-derive	0.8.2	transitive	Unicode-3.0	Unicode-3.0	de844c262c8848816172cef550288e7dc6c7b7814b4ee56b3e1553f275f1858e	https://crates.io/api/v1/crates/yoke-derive/0.8.2/download	LICENSE
zerocopy	0.8.53	transitive	BSD-2-Clause OR Apache-2.0 OR MIT	MIT	75726053136156d419e285b9b7eddaaea9e3fea6ce32eed44a89901f0bd98de1	https://crates.io/api/v1/crates/zerocopy/0.8.53/download	LICENSE-APACHE; LICENSE-BSD; LICENSE-MIT
zerocopy-derive	0.8.53	transitive	BSD-2-Clause OR Apache-2.0 OR MIT	MIT	4714fd92cf900833d49538023a9b3915155210801d1c1169eba513b2addefd71	https://crates.io/api/v1/crates/zerocopy-derive/0.8.53/download	LICENSE-APACHE; LICENSE-BSD; LICENSE-MIT
zerofrom	0.1.8	transitive	Unicode-3.0	Unicode-3.0	0ec05a11813ea801ff6d75110ad09cd0824ddba17dfe17128ea0d5f68e6c5272	https://crates.io/api/v1/crates/zerofrom/0.1.8/download	LICENSE
zerofrom-derive	0.1.7	transitive	Unicode-3.0	Unicode-3.0	11532158c46691caf0f2593ea8358fed6bbf68a0315e80aae9bd41fbade684a1	https://crates.io/api/v1/crates/zerofrom-derive/0.1.7/download	LICENSE
zeroize	1.9.0	transitive	Apache-2.0 OR MIT	MIT	e13c156562582aa81c60cb29407084cdb54c4164760106ab78e6c5b0858cf64e	https://crates.io/api/v1/crates/zeroize/1.9.0/download	LICENSE-APACHE; LICENSE-MIT
zerotrie	0.2.4	transitive	Unicode-3.0	Unicode-3.0	0f9152d31db0792fa83f70fb2f83148effb5c1f5b8c7686c3459e361d9bc20bf	https://crates.io/api/v1/crates/zerotrie/0.2.4/download	LICENSE
zerovec	0.11.6	transitive	Unicode-3.0	Unicode-3.0	90f911cbc359ab6af17377d242225f4d75119aec87ea711a880987b18cd7b239	https://crates.io/api/v1/crates/zerovec/0.11.6/download	LICENSE
zerovec-derive	0.11.3	transitive	Unicode-3.0	Unicode-3.0	625dc425cab0dca6dc3c3319506e6593dcb08a9f387ea3b284dbd52a92c40555	https://crates.io/api/v1/crates/zerovec-derive/0.11.3/download	LICENSE
zip	6.0.0	normal	MIT	MIT	eb2a05c7c36fde6c09b08576c9f7fb4cda705990f73b58fe011abf7dfb24168b	https://crates.io/api/v1/crates/zip/6.0.0/download	LICENSE
zip	8.6.0	transitive	MIT	MIT	2d04a6b5381502aa6087c94c669499eb1602eb9c5e8198e534de571f7154809b	https://crates.io/api/v1/crates/zip/8.6.0/download	LICENSE
zlib-rs	0.6.6	transitive	Zlib	Zlib	b142a20ec14a91d5bc708c1dc21b080c550113d8aa77afa29635673a65dd02c5	https://crates.io/api/v1/crates/zlib-rs/0.6.6/download	LICENSE
zmij	1.0.21	transitive	MIT	MIT	b8848ee67ecc8aedbaf3e4122217aff892639231befc6a1b58d29fff4c2cabaa	https://crates.io/api/v1/crates/zmij/1.0.21/download	LICENSE-MIT
zopfli	0.8.3	transitive	Apache-2.0	Apache-2.0	f05cd8797d63865425ff89b5c4a48804f35ba0ce8d125800027ad6017d2b5249	https://crates.io/api/v1/crates/zopfli/0.8.3/download	COPYING
zstd	0.13.3	transitive	MIT	MIT	e91ee311a569c327171651566e07972200e76fcfe2242a4fa446149a3881c08a	https://crates.io/api/v1/crates/zstd/0.13.3/download	LICENSE
zstd-safe	7.3.0	transitive	BSD-3-Clause	BSD-3-Clause	64d80649ab6db9d9f6f9c80a40becd948eda4714a0a5ac8c4d157a32231c7882	https://crates.io/api/v1/crates/zstd-safe/7.3.0/download	LICENSE
zstd-sys	2.1.0+zstd.1.5.7	transitive	BSD-3-Clause	BSD-3-Clause	0ef0a8027ec3ee71300ab3bcbcd0393f434aa72b91ca6d635a39941deae8eea0	https://crates.io/api/v1/crates/zstd-sys/2.1.0+zstd.1.5.7/download	LICENSE; LICENSE.BSD-3-Clause; zstd/COPYING; zstd/LICENSE
zune-core	0.5.3	transitive	MIT OR Apache-2.0 OR Zlib	MIT	d56377fd46368984a170bc5aac5567e52ca5da874caa60bea39fcbca78fb658b	https://crates.io/api/v1/crates/zune-core/0.5.3/download	LICENSE-APACHE; LICENSE-MIT; LICENSE-ZLIB
zune-jpeg	0.5.15	transitive	MIT OR Apache-2.0 OR Zlib	MIT	27bc9d5b815bc103f142aa054f561d9187d191692ec7c2d1e2b4737f8dbd7296	https://crates.io/api/v1/crates/zune-jpeg/0.5.15/download	LICENSE-APACHE; LICENSE-MIT; LICENSE-ZLIB
